-- MySQL dump 10.10
--
-- Host: localhost    Database: antibodyapp_production
-- ------------------------------------------------------
-- Server version	5.0.27

/*!40101 SET @OLD_CHARACTER_SET_CLIENT=@@CHARACTER_SET_CLIENT */;
/*!40101 SET @OLD_CHARACTER_SET_RESULTS=@@CHARACTER_SET_RESULTS */;
/*!40101 SET @OLD_COLLATION_CONNECTION=@@COLLATION_CONNECTION */;
/*!40101 SET NAMES utf8 */;
/*!40103 SET @OLD_TIME_ZONE=@@TIME_ZONE */;
/*!40103 SET TIME_ZONE='+00:00' */;
/*!40014 SET @OLD_UNIQUE_CHECKS=@@UNIQUE_CHECKS, UNIQUE_CHECKS=0 */;
/*!40014 SET @OLD_FOREIGN_KEY_CHECKS=@@FOREIGN_KEY_CHECKS, FOREIGN_KEY_CHECKS=0 */;
/*!40101 SET @OLD_SQL_MODE=@@SQL_MODE, SQL_MODE='NO_AUTO_VALUE_ON_ZERO' */;
/*!40111 SET @OLD_SQL_NOTES=@@SQL_NOTES, SQL_NOTES=0 */;

--
-- Table structure for table `antibodies`
--

DROP TABLE IF EXISTS `antibodies`;
CREATE TABLE `antibodies` (
  `id` int(11) NOT NULL auto_increment,
  `name` varchar(255) collate utf8_unicode_ci default NULL,
  `description` text collate utf8_unicode_ci,
  `target_id` int(11) default NULL,
  `host_species_id` int(11) default NULL,
  `antigen` text collate utf8_unicode_ci,
  `clonality` varchar(255) collate utf8_unicode_ci default NULL,
  `purification` varchar(255) collate utf8_unicode_ci default NULL,
  `source_id` int(11) default NULL,
  `catalogue_number` varchar(255) collate utf8_unicode_ci default NULL,
  `lot_number` varchar(255) collate utf8_unicode_ci default NULL,
  `url` varchar(255) collate utf8_unicode_ci default NULL,
  `created_by` varchar(255) collate utf8_unicode_ci default NULL,
  `project_targets_count` int(11) default '0',
  `project_antibodies_count` int(11) default '0',
  `validations_count` int(11) default '0',
  `created_at` datetime default NULL,
  `updated_at` datetime default NULL,
  PRIMARY KEY  (`id`),
  KEY `index_antibodies_on_target_id` (`target_id`)
) ENGINE=InnoDB DEFAULT CHARSET=utf8 COLLATE=utf8_unicode_ci;

--
-- Dumping data for table `antibodies`
--

LOCK TABLES `antibodies` WRITE;
/*!40000 ALTER TABLE `antibodies` DISABLE KEYS */;
INSERT INTO `antibodies` VALUES (1,'AB6002_H3K27me3_337149',NULL,21,10090,'Synthetic peptide derived from residues 1 - 100 of Human Histone H3, tri methylated at K27. ','monoclonal','Protein A',1,'ab6002','337149','http://www.abcam.com/Histone-H3-tri-methyl-K27-antibody-mAbcam-6002-ChIP-Grade-ab6002.html',NULL,0,0,2,'2010-11-30 22:47:57','2010-11-30 22:47:57'),(2,'AB6002_H3K27me3_471901',NULL,21,10090,'Synthetic peptide derived from residues 1 - 100 of Human Histone H3, tri methylated at K27. ','monoclonal','Protein A',1,'ab6002','471901','http://www.abcam.com/Histone-H3-tri-methyl-K27-antibody-mAbcam-6002-ChIP-Grade-ab6002.html',NULL,0,0,1,'2010-11-30 22:47:57','2010-11-30 22:47:57'),(3,'AM39176_H4K20me1:1008001',NULL,51,9986,'This Histone H4 monomethyl Lys20 antibody was raised against a peptide including monomethyl-Lys20 of human histone H4. ','polyclonal','Serum',2,'39176','1008001','http://www.activemotif.com/catalog/details/39175.html',NULL,0,0,1,'2010-11-30 22:47:57','2010-11-30 22:47:57'),(4,'AM39239_H3K9me2_3208001',NULL,36,9986,'This histone H3 dimethyl Lys9 antibody was raised against a peptide including dimethyl-lysine 9 of histone H3. ','polyclonal','Serum',2,'39239','3208001','http://www.activemotif.com/catalog/details/39239.html',NULL,0,0,3,'2010-11-30 22:47:57','2010-11-30 22:47:57'),(5,'AM39379_H3K36ac_29108001',NULL,22,9986,'This Histone H3 acetyl Lys36 antibody was raised against a peptide including acetyl-lysine 36 of histone H3. ','polyclonal','Serum',2,'39379','29108001','http://www.activemotif.com/catalog/details/39379.html',NULL,0,0,2,'2010-11-30 22:47:57','2010-11-30 22:47:57'),(6,'AR0108-H3K9me2',NULL,36,9986,'','polyclonal','Serum',2,'AR-0108 (discontinued)','108',NULL,NULL,0,0,1,'2010-11-30 22:47:57','2010-11-30 22:47:57'),(7,'CitH3',NULL,1,9986,'Synthetic peptide conjugated to KLH derived from within residues 1 - 100 of Human Histone H3, at Cit2, 8 and 17.','polyclonal','Affinity',1,'ab5103','32760','http://www.abcam.com/index.html?datasheet=5103',NULL,0,0,1,'2010-11-30 22:47:57','2010-11-30 22:47:57'),(8,'DISN147_H4K20me1:001',NULL,51,10090,'','monoclonal','culture supernatant',16,'SN-147-100','001','http://diagenode.com/en/catalog/antibodies-3/histone-h4-and-modified-h4-28/product/h4k20me1-monoclonal-antibody-175',NULL,0,0,3,'2010-11-30 22:47:57','2010-11-30 22:47:57'),(9,'H2A (acetyl K5)',NULL,2,9986,'','polyclonal','Affinity',1,'ab1764','332840','http://www.abcam.com/ab1764.html',NULL,0,0,1,'2010-11-30 22:47:56','2010-11-30 22:47:56'),(10,'H2AK5ac',NULL,2,9986,'','monoclonal','Crude',1,'ab45152','496800','http://www.abcam.com/ab45152.html',NULL,0,0,3,'2010-11-30 22:47:56','2010-11-30 22:47:56'),(11,'H2AK5ac',NULL,2,9986,'','monoclonal','Crude',1,'ab45152','727067','http://www.abcam.com/ab45152.html',NULL,0,0,3,'2010-11-30 22:47:56','2010-11-30 22:47:56'),(12,'H2AK7ac',NULL,3,9986,'','polyclonal','Affinity',51,'07-386','24256','http://www.millipore.com/catalogue/item/07-386',NULL,0,0,1,'2010-11-30 22:47:57','2010-11-30 22:47:57'),(13,'H2AS129ph',NULL,4,9986,'','polyclonal','Crude',2,'39271','13008001','http://www.activemotif.com/catalog/details/39271.html',NULL,0,0,3,'2010-11-30 22:47:57','2010-11-30 22:47:57'),(14,'H2B',NULL,5,9986,'','polyclonal','Affinity',1,'ab1790','188845','http://www.abcam.com/ab1790.html',NULL,0,0,2,'2010-11-30 22:47:56','2010-11-30 22:47:56'),(15,'H2BK120ac',NULL,6,9986,'','polyclonal','Crude',2,'39119','225','http://www.activemotif.com/catalog/details/39119.html',NULL,0,0,3,'2010-11-30 22:47:57','2010-11-30 22:47:57'),(16,'H2BK15ac',NULL,7,9986,'','monoclonal','Crude',1,'ab62335','727058','http://www.abcam.com/ab62335.html',NULL,0,0,3,'2010-11-30 22:47:57','2010-11-30 22:47:57'),(17,'H2BK16ac',NULL,8,9986,'','polyclonal','Affinity',51,'07-341','22337','http://www.millipore.com/catalogue/item/07-341',NULL,0,0,1,'2010-11-30 22:47:57','2010-11-30 22:47:57'),(18,'H2BK5ac',NULL,9,9986,'','polyclonal','Affinity',1,'ab40886','388355','http://www.abcam.com/Histone-H2B-acetyl-K5-antibody-EP857Y-ChIP-Grade-ab40886.html',NULL,0,0,2,'2010-11-30 22:47:56','2010-11-30 22:47:56'),(19,'H2BK5ac',NULL,9,9986,'','monoclonal','Crude',1,'ab40886','529107','http://www.abcam.com/ab40886.html',NULL,0,0,2,'2010-11-30 22:47:56','2010-11-30 22:47:56'),(20,'H2BK5ac',NULL,9,9986,'','monoclonal','Crude',1,'ab40886','727057','http://www.abcam.com/ab40886.html',NULL,0,0,2,'2010-11-30 22:47:56','2010-11-30 22:47:56'),(21,'H2BK5ac',NULL,9,9986,'','polyclonal','Crude',2,'39123','229','http://www.activemotif.com/catalog/details/39123.html',NULL,0,0,3,'2010-11-30 22:47:57','2010-11-30 22:47:57'),(22,'H2BK5me1',NULL,10,9986,'','polyclonal','Affinity',1,'ab12929','78473','http://www.abcam.com/ab12929.html',NULL,0,0,3,'2010-11-30 22:47:56','2010-11-30 22:47:56'),(23,'H2Bac',NULL,11,9986,'','polyclonal','Affinity',1,'ab1759','332843','http://www.abcam.com/ab1759.html',NULL,0,0,1,'2010-11-30 22:47:56','2010-11-30 22:47:56'),(24,'H3',NULL,12,9986,'','polyclonal','Serum',46,'AR-0144','144',NULL,NULL,0,0,2,'2010-11-30 22:47:57','2010-11-30 22:47:57'),(25,'H3 antibody1',NULL,12,9986,'','polyclonal','Affinity',1,'ab1791','183115','http://www.abcam.com/ab1791.html',NULL,0,0,2,'2010-11-30 22:47:56','2010-11-30 22:47:56'),(26,'H3 antibody3',NULL,12,9986,'Rabbit polyclonal','polyclonal','Crude',2,'39163','01008001','http://www.activemotif.com/catalog/details/39163.html',NULL,0,0,1,'2010-11-30 22:47:57','2010-11-30 22:47:57'),(27,'H3K14Ac',NULL,13,9986,'','polyclonal','Affinity',51,'07-353','30020','http://www.millipore.com/catalogue/item/07-353',NULL,0,0,2,'2010-11-30 22:47:57','2010-11-30 22:47:57'),(28,'H3K14ac',NULL,13,9986,'','polyclonal','Crude',51,'07-353','DAM1462567','http://www.millipore.com/catalogue/item/07-353',NULL,0,0,3,'2010-11-30 22:47:57','2010-11-30 22:47:57'),(29,'H3K14ac(abcam)',NULL,13,9986,'','monoclonal','Affinity',1,'ab52946','684898','http://www.abcam.com/Histone-H3-acetyl-K14-antibody-EP964Y-ChIP-Grade-ab52946.html',NULL,0,0,2,'2010-11-30 22:47:57','2010-11-30 22:47:57'),(30,'H3K14acS10P',NULL,14,9986,'amino acids 7-20 of human histone H3 (ARK[PS]TGGacKAPRKQL-C)','polyclonal','Affinity',51,'07-081','27462','http://www.millipore.com/catalogue/item/07-081',NULL,0,0,2,'2010-11-30 22:47:57','2010-11-30 22:47:57'),(31,'H3K18ac',NULL,15,9986,'Synthetic peptide derived from within residues 1 - 100 Histone H3, acetylated at K18.','polyclonal','Affinity',1,'ab1191','117520','http://www.abcam.com/Histone-H3-acetyl-K18-antibody-ChIP-Grade-ab1191.html',NULL,0,0,2,'2010-11-30 22:47:56','2010-11-30 22:47:56'),(32,'H3K18ac',NULL,15,9986,'Synthetic peptide derived from within residues 1 - 100 Histone H3, acetylated at K18.','polyclonal','Affinity',1,'ab1191','122116','http://www.abcam.com/Histone-H3-acetyl-K18-antibody-ChIP-Grade-ab1191.html',NULL,0,0,5,'2010-11-30 22:47:56','2010-11-30 22:47:56'),(33,'H3K18ac',NULL,15,9986,'','polyclonal','Affinity',1,'ab1191','527530','http://www.abcam.com/ab1191.html',NULL,0,0,3,'2010-11-30 22:47:56','2010-11-30 22:47:56'),(34,'H3K23ac',NULL,16,9986,'Ovalbumin-conjugated, synthetic peptide (KQLASAcKAARK-C) corresponding to amino acids 18-27 of yeast histone H3 acetylated on lysine 23 with a C-terminal cysteine added for conjugation purposes','polyclonal','Crude',51,'07-355','27133','http://www.millipore.com/catalogue/item/07-355',NULL,0,0,5,'2010-11-30 22:47:57','2010-11-30 22:47:57'),(35,'H3K23me2',NULL,17,9986,'','polyclonal','Affinity',1,'ab2370','13694','http://www.abcam.com/ab2370.html',NULL,0,0,3,'2010-11-30 22:47:56','2010-11-30 22:47:56'),(36,'H3K27Me3 (Abcam1)',NULL,21,10090,'','polyclonal','Affinity',1,'ab6002','398310','http://www.abcam.com/ab6002.html',NULL,0,0,2,'2010-11-30 22:47:57','2010-11-30 22:47:57'),(37,'H3K27Me3 (Abcam2)',NULL,21,10090,'Synthetic peptide derived from residues 1 - 100 of Human Histone H3, tri methylated at K27','monoclonal','Affinity',1,'ab6002','455295','http://www.abcam.com/Histone-H3-tri-methyl-K27-antibody-mAbcam-6002-ChIP-Grade-ab6002.html',NULL,0,0,2,'2010-11-30 22:47:57','2010-11-30 22:47:57'),(38,'H3K27ac',NULL,18,9986,'','polyclonal','Affinity',1,'ab4729','33273','http://www.abcam.com/ab4729.html',NULL,0,0,3,'2010-11-30 22:47:56','2010-11-30 22:47:56'),(39,'H3K27ac',NULL,18,9986,'','polyclonal','Affinity',1,'ab4729','34624','http://www.abcam.com/ab4729.html',NULL,0,0,3,'2010-11-30 22:47:56','2010-11-30 22:47:56'),(40,'H3K27ac',NULL,18,9986,'','polyclonal','Affinity',1,'ab4729','509313','http://www.abcam.com/ab4729.html',NULL,0,0,2,'2010-11-30 22:47:57','2010-11-30 22:47:57'),(41,'H3K27ac',NULL,18,9986,'','polyclonal','Affinity',1,'ab4729','726657','http://www.abcam.com/ab4729.html',NULL,0,0,2,'2010-11-30 22:47:57','2010-11-30 22:47:57'),(42,'H3K27ac',NULL,18,9986,'','polyclonal','Affinity',2,'39133','19208002','http://www.activemotif.com/catalog/details/39133.html',NULL,0,0,3,'2010-11-30 22:47:57','2010-11-30 22:47:57'),(43,'H3K27ac',NULL,18,9986,'Peptide including acetyl-lysine 27 of H3','polyclonal','Crude',2,'39135','01008001','http://www.activemotif.com/catalog/details/39135.html',NULL,0,0,2,'2010-11-30 22:47:57','2010-11-30 22:47:57'),(44,'H3K27ac',NULL,18,9986,'','polyclonal','Serum',47,'AR-105','105','http://www.activemotif.com/catalog/details/39135.html',NULL,0,0,1,'2010-11-30 22:47:57','2010-11-30 22:47:57'),(45,'H3K27me1',NULL,19,9986,'','polyclonal','Affinity',16,'pAb-045-050','A116-0032','http://diagenode.com/en/catalog/antibodies-3/histone-h3-and-modified-h3-27/product/h3k27me1-polyclonal-antibody-41',NULL,0,0,3,'2010-11-30 22:47:57','2010-11-30 22:47:57'),(46,'H3K27me1',NULL,19,9986,'','polyclonal','Affinity',16,'pAb-045-050','A117-001','http://diagenode.com/en/catalog/antibodies-3/histone-h3-and-modified-h3-27/product/h3k27me1-polyclonal-antibody-41',NULL,0,0,1,'2010-11-30 22:47:57','2010-11-30 22:47:57'),(47,'H3K27me1',NULL,19,9986,'','polyclonal','Affinity',51,'07-448','DAM1598790','http://www.millipore.com/catalogue/item/07-448',NULL,0,0,2,'2010-11-30 22:47:57','2010-11-30 22:47:57'),(48,'H3K27me1',NULL,19,9986,'','polyclonal','Affinity',51,'07-448','JBC1395546','http://www.millipore.com/catalogue/item/07-448',NULL,0,0,3,'2010-11-30 22:47:57','2010-11-30 22:47:57'),(49,'H3K27me1-TJ',NULL,19,9986,'','polyclonal','Affinity',67,'Rabbit 8835','',NULL,NULL,0,0,1,'2010-11-30 22:47:57','2010-11-30 22:47:57'),(50,'H3K27me2',NULL,20,9986,'','polyclonal','Affinity',1,'ab24684','241000','http://www.abcam.com/ab24684.html',NULL,0,0,2,'2010-11-30 22:47:56','2010-11-30 22:47:56'),(51,'H3K27me2',NULL,20,9986,'','polyclonal','Affinity',1,'ab24684','614458','http://www.abcam.com/ab24684.html',NULL,0,0,2,'2010-11-30 22:47:56','2010-11-30 22:47:56'),(52,'H3K27me2',NULL,20,9986,'','polyclonal','Affinity',16,'pAb-046-050','A118-00241','http://diagenode.com/en/catalog/antibodies-3/histone-h3-and-modified-h3-27/product/h3k27me2-polyclonal-antibody-42',NULL,0,0,2,'2010-11-30 22:47:57','2010-11-30 22:47:57'),(53,'H3K27me2',NULL,20,9986,'','polyclonal','Affinity',51,'07-452','NG1631707','http://www.millipore.com/catalogue/item/07-452',NULL,0,0,3,'2010-11-30 22:47:57','2010-11-30 22:47:57'),(54,'H3K27me2-TJ',NULL,20,9986,'H3K27me2 antigen (aa 22-33) containing two TKAARK(Me)2SAPATG fingers','polyclonal','Affinity',67,'Rabbit 8841','',NULL,NULL,0,0,1,'2010-11-30 22:47:57','2010-11-30 22:47:57'),(55,'H3K27me3',NULL,21,9986,'','polyclonal','Affinity',2,'39155','30508004','http://www.activemotif.com/catalog/details/39155.html',NULL,0,0,3,'2010-11-30 22:47:57','2010-11-30 22:47:57'),(56,'H3K27me3',NULL,21,10090,'','monoclonal','Serum',2,'39535','13410007','http://www.activemotif.com/catalog/details/39535.html',NULL,0,0,2,'2010-11-30 22:47:57','2010-11-30 22:47:57'),(57,'H3K27me3',NULL,21,9986,'','polyclonal','Affinity',51,'07-449','DAM1514011','http://www.millipore.com/catalogue/item/07-449',NULL,0,0,2,'2010-11-30 22:47:57','2010-11-30 22:47:57'),(58,'H3K27me3',NULL,21,9986,'','polyclonal','Affinity',51,'07-449','DAM1612188','http://www.millipore.com/catalogue/item/07-449',NULL,0,0,3,'2010-11-30 22:47:57','2010-11-30 22:47:57'),(59,'H3K36me1',NULL,23,9986,'Synthetic peptide conjugated to KLH derived from within residues 1 - 100 of Human Histone H3, mono methylated at K36.','polyclonal','Affinity',1,'ab9048','103328','http://www.abcam.com/Histone-H3-mono-methyl-K36-antibody-ChIP-Grade-ab9048.html',NULL,0,0,3,'2010-11-30 22:47:57','2010-11-30 22:47:57'),(60,'H3K36me1',NULL,23,9986,'','polyclonal','Affinity',1,'ab9048','619246','http://www.abcam.com/ab9048.html',NULL,0,0,2,'2010-11-30 22:47:57','2010-11-30 22:47:57'),(61,'H3K36me1',NULL,23,9986,'','polyclonal','Affinity',16,'pAb-089-050','2367-001P','http://diagenode.com/en/catalog/antibodies-3/histone-h3-and-modified-h3-27/product/h3k36me1-polyclonal-antibody-70',NULL,0,0,2,'2010-11-30 22:47:57','2010-11-30 22:47:57'),(62,'H3K36me1',NULL,23,9986,'','polyclonal','Crude',51,'07-548','26795','http://www.millipore.com/catalogue/item/07-548',NULL,0,0,2,'2010-11-30 22:47:57','2010-11-30 22:47:57'),(63,'H3K36me2',NULL,24,9986,'','polyclonal','Crude',16,'CS-127-100','A239-001','http://diagenode.com/en/catalog/antibodies-3/histone-h3-and-modified-h3-27/product/h3k36me2-polyclonal-antibody-156',NULL,0,0,2,'2010-11-30 22:47:57','2010-11-30 22:47:57'),(64,'H3K36me2',NULL,24,9986,'','polyclonal','Affinity',51,'07-274','702051816','http://www.millipore.com/catalogue/item/07-274',NULL,0,0,3,'2010-11-30 22:47:57','2010-11-30 22:47:57'),(65,'H3K36me2',NULL,24,9986,'','polyclonal','Crude',51,'07-274','DAM1400137','http://www.millipore.com/catalogue/item/07-274',NULL,0,0,2,'2010-11-30 22:47:57','2010-11-30 22:47:57'),(66,'H3K36me2',NULL,24,9986,'','polyclonal','Crude',51,'07-369','JBC1374254','http://www.millipore.com/catalogue/item/07-369',NULL,0,0,3,'2010-11-30 22:47:57','2010-11-30 22:47:57'),(67,'H3K36me3',NULL,25,9986,'Synthetic peptide conjugated to KLH derived from within residues 1 - 100 of Human Histone H3, tri methylated at K36.','polyclonal','Affinity',1,'ab9050','353147','http://www.abcam.com/Histone-H3-tri-methyl-K36-antibody-ChIP-Grade-ab9050.html',NULL,0,0,3,'2010-11-30 22:47:57','2010-11-30 22:47:57'),(68,'H3K36me3',NULL,25,9986,'','polyclonal','Affinity',1,'ab9050','475787','http://www.abcam.com/ab9050.html',NULL,0,0,3,'2010-11-30 22:47:57','2010-11-30 22:47:57'),(69,'H3K36me3',NULL,25,9986,'synthetic peptide conjugated to KLH derived from within residues 1-100 of human histone H3, tri methylated at K36','polyclonal','Affinity',1,'ab9050','707946','http://www.abcam.com/histone-h3-tri-methyl-k36-antibody-chip-grade-ab9050.html',NULL,0,0,5,'2010-11-30 22:47:57','2010-11-30 22:47:57'),(70,'H3K36me3',NULL,25,9986,'','monoclonal','Crude',51,'04-801','DAM1564369','http://www.millipore.com/catalogue/item/04-801',NULL,0,0,2,'2010-11-30 22:47:57','2010-11-30 22:47:57'),(71,'H3K4ac',NULL,26,9986,'','polyclonal','Affinity',51,'07-539','26747','http://www.millipore.com/catalogue/item/07-539',NULL,0,0,3,'2010-11-30 22:47:57','2010-11-30 22:47:57'),(72,'H3K4me1',NULL,27,9986,'Synthetic peptide conjugated to KLH derived from within residues 1 - 100 of Human Histone H3, mono methylated at K4.','polyclonal','Affinity',1,'ab8895','349232','http://www.abcam.com/Histone-H3-mono-methyl-K4-antibody-ChIP-Grade-ab8895.html',NULL,0,0,2,'2010-11-30 22:47:57','2010-11-30 22:47:57'),(73,'H3K4me1',NULL,27,9986,'','polyclonal','Affinity',1,'ab8895','720417','http://www.abcam.com/ab8895.html',NULL,0,0,3,'2010-11-30 22:47:57','2010-11-30 22:47:57'),(74,'H3K4me1',NULL,27,9986,'','polyclonal','Affinity',1,'ab8898','535659','http://www.abcam.com/ab8898.html',NULL,0,0,3,'2010-11-30 22:47:57','2010-11-30 22:47:57'),(75,'H3K4me1',NULL,27,9986,'','polyclonal','Crude',2,'39297','21008001','http://www.activemotif.com/catalog/details/39297.html',NULL,0,0,3,'2010-11-30 22:47:57','2010-11-30 22:47:57'),(76,'H3K4me1',NULL,27,9986,'','polyclonal','Affinity',51,'07-436','DAM1400139','http://www.millipore.com/catalogue/item/07-436',NULL,0,0,3,'2010-11-30 22:47:57','2010-11-30 22:47:57'),(77,'H3K4me1 (new lot)',NULL,27,9986,'Synthetic peptide conjugated to KLH derived from within residues 1 - 100 of Human Histone H3, mono methylated at K4.','polyclonal','Affinity',1,'ab8895','573636','http://www.abcam.com/ab8895.html',NULL,0,0,3,'2010-11-30 22:47:57','2010-11-30 22:47:57'),(78,'H3K4me2',NULL,28,9986,'','monoclonal','Crude',1,'ab32356','577702','http://www.abcam.com/ab32356.html',NULL,0,0,3,'2010-11-30 22:47:56','2010-11-30 22:47:56'),(79,'H3K4me2',NULL,28,9986,'','monoclonal','Crude',1,'ab32356','727055','http://www.abcam.com/ab32356.html',NULL,0,0,3,'2010-11-30 22:47:56','2010-11-30 22:47:56'),(80,'H3K4me2-Abcam',NULL,28,9986,'','polyclonal','Affinity',1,'ab7766','121826','http://www.abcam.com/ab7766.html',NULL,0,0,1,'2010-11-30 22:47:57','2010-11-30 22:47:57'),(81,'H3K4me2-Millipore',NULL,28,9986,'KLH conjugated synthetic peptide (Lys4). (ARTMe2KQTAR-GC) corresponding to amino acids 1-8 of human Histone H3.','polyclonal','Crude',51,'07-030','DAM1503382','http://www.millipore.com/catalogue/item/07-030',NULL,0,0,3,'2010-11-30 22:47:57','2010-11-30 22:47:57'),(82,'H3K4me2_JBC 1360331',NULL,28,9986,'KLH conjugated synthetic peptide (ARTMe2KQTAR-GC) corresponding to amino acids 1-8 of human Histone H3.','polyclonal','Crude',51,'07-030','JBC136331','http://www.millipore.com/catalogue/item/07-030',NULL,0,0,3,'2010-11-30 22:47:57','2010-11-30 22:47:57'),(83,'H3K4me3',NULL,29,9986,'','polyclonal','Affinity',1,'ab8580','498616','http://www.abcam.com/ab8580.html',NULL,0,0,3,'2010-11-30 22:47:57','2010-11-30 22:47:57'),(84,'H3K4me3',NULL,29,9986,'Antibody raised against a peptide containing trimethylated K4.','polyclonal','Crude',2,'39159','01609004','http://www.activemotif.com/catalog/details/39159.html',NULL,0,0,3,'2010-11-30 22:47:57','2010-11-30 22:47:57'),(85,'H3K4me3',NULL,29,9986,'','polyclonal','Crude',2,'39159','15808002','http://www.activemotif.com/catalog/details/39159.html',NULL,0,0,2,'2010-11-30 22:47:57','2010-11-30 22:47:57'),(86,'H3K4me3',NULL,29,9986,'','polyclonal','Serum',46,'AR-0169','169',NULL,NULL,0,0,2,'2010-11-30 22:47:57','2010-11-30 22:47:57'),(87,'H3K4me3',NULL,29,9986,'','monoclonal','Crude',51,'04-745','DAM1554357','http://www.millipore.com/catalogue/item/04-745',NULL,0,0,2,'2010-11-30 22:47:57','2010-11-30 22:47:57'),(88,'H3K4me3',NULL,29,9986,'','monoclonal','Crude',51,'04-745','NG1643014','http://www.millipore.com/catalogue/item/04-745',NULL,0,0,3,'2010-11-30 22:47:57','2010-11-30 22:47:57'),(89,'H3K4me3',NULL,29,9986,'','monoclonal','Crude',51,'CS200580','DAM1612220',NULL,NULL,0,0,3,'2010-11-30 22:47:57','2010-11-30 22:47:57'),(90,'H3K4me3 (ab8580 lot1)',NULL,29,9986,'Synthetic peptide conjugated to KLH derived from within residues 1 - 100 of Human Histone H3, tri methylated at K4.','polyclonal','Affinity',1,'ab8580','199622','http://www.abcam.com/Histone-H3-tri-methyl-K4-antibody-ChIP-Grade-ab8580.html',NULL,0,0,3,'2010-11-30 22:47:57','2010-11-30 22:47:57'),(91,'H3K56ac',NULL,30,9986,'A synthetic acetylated peptide corresponding to residues surrounding Lys 56 of Histone H3 was used as immunogen.','monoclonal','Affinity',19,'2134','YE-10-17-02','https://www.epitomics.com/products/products/Histone-antibody-2134-1.html',NULL,0,0,1,'2010-11-30 22:47:57','2010-11-30 22:47:57'),(92,'H3K56ac',NULL,30,9986,'','monoclonal','Crude',19,'2134-1','E-10-17-02C',NULL,NULL,0,0,3,'2010-11-30 22:47:57','2010-11-30 22:47:57'),(93,'H3K56ac',NULL,30,9986,'','polyclonal','Crude',51,'07-677','DAM1462569','http://www.millipore.com/catalogue/item/07-677',NULL,0,0,3,'2010-11-30 22:47:57','2010-11-30 22:47:57'),(94,'H3K79Me1',NULL,31,9986,'Synthetic peptide conjugated to KLH derived from within residues 50 to the C-terminus of Human Histone H3, mono methylated at K79.','polyclonal','Affinity',1,'ab2886','361912','http://www.abcam.com/Histone-H3-mono-methyl-K79-antibody-ChIP-Grade-ab2886.html',NULL,0,0,5,'2010-11-30 22:47:56','2010-11-30 22:47:56'),(95,'H3K79Me2',NULL,32,9986,'Synthetic peptide conjugated to KLH derived from within residues 50 to the C-terminus of Human Histone H3, di methylated at K79.','polyclonal','Affinity',1,'ab3594','121826','http://www.abcam.com/Histone-H3-di-methyl-K79-antibody-ChIP-Grade-ab3594.html',NULL,0,0,2,'2010-11-30 22:47:56','2010-11-30 22:47:56'),(96,'H3K79Me3',NULL,32,9986,'','polyclonal','Affinity',1,'ab2621','361574','http://www.abcam.com/ab2621.html',NULL,0,0,3,'2010-11-30 22:47:56','2010-11-30 22:47:56'),(97,'H3K79me1',NULL,31,9986,'','polyclonal','Affinity',1,'ab2886','502497','http://www.abcam.com/ab2886.html',NULL,0,0,3,'2010-11-30 22:47:56','2010-11-30 22:47:56'),(98,'H3K79me1',NULL,31,9986,'','polyclonal','Affinity',1,'ab2886','527479','http://www.abcam.com/ab2886.html',NULL,0,0,3,'2010-11-30 22:47:56','2010-11-30 22:47:56'),(99,'H3K79me1',NULL,31,9986,'','polyclonal','Affinity',1,'ab2886','679856','http://www.abcam.com/ab2886.html',NULL,0,0,3,'2010-11-30 22:47:56','2010-11-30 22:47:56'),(100,'H3K79me2',NULL,32,9986,'Synthetic peptide conjugated to KLH derived from within residues 50 to the C-terminus of Human Histone H3, di methylated at K79. ','polyclonal','Affinity',1,'ab3594','346021','http://www.abcam.com/Histone-H3-di-methyl-K79-antibody-ChIP-Grade-ab3594.html',NULL,0,0,3,'2010-11-30 22:47:56','2010-11-30 22:47:56'),(101,'H3K79me2',NULL,32,9986,'','polyclonal','Affinity',1,'ab3594','573640','http://www.abcam.com/ab3594.html',NULL,0,0,3,'2010-11-30 22:47:56','2010-11-30 22:47:56'),(102,'H3K79me2',NULL,32,9986,'','polyclonal','Crude',2,'39143','0100801','http://www.activemotif.com/catalog/details/39143.html',NULL,0,0,3,'2010-11-30 22:47:57','2010-11-30 22:47:57'),(103,'H3K79me2 Diagenode',NULL,32,9986,'synthetic peptide containing H3K79me2 coupled to KLH','polyclonal','Crude',16,'CS-051-100','A85-001','http://www.diagenode.com/en/catalog/antibodies-3/histone-h3-and-modified-h3-27/product/h3k79me2-polyclonal-antibody-104',NULL,0,0,1,'2010-11-30 22:47:57','2010-11-30 22:47:57'),(104,'H3K79me3',NULL,32,9986,'','polyclonal','Affinity',16,'pAb-068-050','A86-050','http://diagenode.com/en/catalog/antibodies-3/histone-h3-and-modified-h3-27/product/h3k79me3-polyclonal-antibody-58',NULL,0,0,2,'2010-11-30 22:47:57','2010-11-30 22:47:57'),(105,'H3K79me3 (Diagenode)',NULL,32,9986,'','polyclonal','Affinity',16,'pAb-068-050','A86-001','http://diagenode.com/en/catalog/antibodies-3/histone-h3-and-modified-h3-27/product/h3k79me3-polyclonal-antibody-58',NULL,0,0,1,'2010-11-30 22:47:57','2010-11-30 22:47:57'),(106,'H3K9ac',NULL,33,9986,'','polyclonal','Affinity',1,'ab4441','511238','http://www.abcam.com/ab4441.html',NULL,0,0,3,'2010-11-30 22:47:56','2010-11-30 22:47:56'),(107,'H3K9ac',NULL,33,9986,'','polyclonal','Affinity',1,'ab4441','677405','http://www.abcam.com/ab4441.html',NULL,0,0,2,'2010-11-30 22:47:56','2010-11-30 22:47:56'),(108,'H3K9ac',NULL,33,9986,'Peptide including acetyl-lysine 9 of histone 3','polyclonal','Crude',2,'39137','01008001',NULL,NULL,0,0,5,'2010-11-30 22:47:57','2010-11-30 22:47:57'),(109,'H3K9ac',NULL,33,9986,'This histone H3 acetyl Lys9 antibody was raised against a peptide including acetyl-lysine 9 of histone H3. ','polyclonal','Serum',2,'39137','102','http://www.activemotif.com/catalog/details/39137.html',NULL,0,0,1,'2010-11-30 22:47:57','2010-11-30 22:47:57'),(110,'H3K9acS10P',NULL,34,9986,'','polyclonal','Affinity',1,'ab12181','468401','http://www.abcam.com/ab12181.html',NULL,0,0,1,'2010-11-30 22:47:56','2010-11-30 22:47:56'),(111,'H3K9acS10P (Ab12181 lot838296)',NULL,34,9986,'amino acids 7-20 corresponding to the N-terminus of human histone H3','monoclonal','Affinity',1,'ab12181','838296','http://www.abcam.com/ab12181.html',NULL,0,0,2,'2010-11-30 22:47:56','2010-11-30 22:47:56'),(112,'H3K9acS10P (new abcam lot)',NULL,34,9986,'amino acids 7-20 corresponding to the N-terminus of human histone H3','polyclonal','Affinity',1,'ab12181','770587','http://www.abcam.com/ab12181.html',NULL,0,0,3,'2010-11-30 22:47:56','2010-11-30 22:47:56'),(113,'H3K9acS10P (new lot)',NULL,34,9986,'amino acids 7-20 corresponding to the N-terminus of human histone H3','polyclonal','Affinity',1,'ab12181','653744','http://www.abcam.com/ab12181.html',NULL,0,0,3,'2010-11-30 22:47:56','2010-11-30 22:47:56'),(114,'H3K9acS10P (old lot)',NULL,34,9986,'','polyclonal','Affinity',1,'ab12181','421115','http://www.abcam.com/ab12181.html',NULL,0,0,1,'2010-11-30 22:47:56','2010-11-30 22:47:56'),(115,'H3K9me1',NULL,35,9986,'','polyclonal','Affinity',1,'ab8896','377518','http://www.abcam.com/ab8896.html',NULL,0,0,3,'2010-11-30 22:47:57','2010-11-30 22:47:57'),(116,'H3K9me1',NULL,35,9986,'','polyclonal','Affinity',1,'ab9045','291921','http://www.abcam.com/ab9045.html',NULL,0,0,1,'2010-11-30 22:47:57','2010-11-30 22:47:57'),(117,'H3K9me1',NULL,35,9986,'','polyclonal','Affinity',16,'pAb-065-050','A89-0041','http://diagenode.com/en/catalog/antibodies-3/histone-h3-and-modified-h3-27/product/h3k9me1-polyclonal-antibody-56',NULL,0,0,3,'2010-11-30 22:47:57','2010-11-30 22:47:57'),(118,'H3K9me1',NULL,35,9986,'','polyclonal','Crude',51,'07-395','24296','http://www.millipore.com/catalogue/item/07-395',NULL,0,0,2,'2010-11-30 22:47:57','2010-11-30 22:47:57'),(119,'H3K9me1 (Diagenode)',NULL,35,9986,'','polyclonal','Affinity',16,'CS-065-100','A89-001','http://diagenode.com/en/catalog/antibodies-3/histone-h3-and-modified-h3-27/product/h3k9me1-polyclonal-antibody-109',NULL,0,0,3,'2010-11-30 22:47:57','2010-11-30 22:47:57'),(120,'H3K9me1 (new lot)',NULL,35,9986,'','polyclonal','Affinity',1,'ab9045','217722','http://www.abcam.com/ab9045.html',NULL,0,0,2,'2010-11-30 22:47:57','2010-11-30 22:47:57'),(121,'H3K9me2',NULL,36,9986,'','polyclonal','Affinity',16,'pAb-060-050','A90-0041','http://diagenode.com/en/catalog/antibodies-3/histone-h3-and-modified-h3-27/product/h3k9me2-polyclonal-antibody-52',NULL,0,0,3,'2010-11-30 22:47:57','2010-11-30 22:47:57'),(122,'H3K9me2',NULL,36,9986,'','polyclonal','Crude',2,'39240','3208001','http://www.activemotif.com/catalog/details/39240.html',NULL,0,0,2,'2010-11-30 22:47:57','2010-11-30 22:47:57'),(123,'H3K9me2',NULL,36,10090,'','monoclonal','Affinity',51,'05-1249','NG1684656','http://www.millipore.com/catalogue/item/05-1249',NULL,0,0,2,'2010-11-30 22:47:57','2010-11-30 22:47:57'),(124,'H3K9me2',NULL,36,9986,'','polyclonal','Affinity',51,'07-441','DAM1463717','http://www.millipore.com/catalogue/item/07-441',NULL,0,0,2,'2010-11-30 22:47:57','2010-11-30 22:47:57'),(125,'H3K9me2',NULL,36,9986,'','polyclonal','Crude',51,'17-648','NG16846184','http://www.millipore.com/catalogue/item/17-648',NULL,0,0,3,'2010-11-30 22:47:57','2010-11-30 22:47:57'),(126,'H3K9me2 antibody2',NULL,36,10090,'Synthetic peptide conjugated to KLH derived from within residues 1 - 100 of Human Histone H3, di methylated at K9.','monoclonal','Affinity',1,'ab1220','320150','http://www.abcam.com/Histone-H3-di-methyl-K9-antibody-mAbcam-1220-ChIP-Grade-ab1220.html',NULL,0,0,2,'2010-11-30 22:47:56','2010-11-30 22:47:56'),(127,'H3K9me2-Ab2 (new lot)',NULL,36,10090,'Synthetic peptide conjugated to KLH derived from within residues 1 - 100 of Human Histone H3, di methylated at K9.','monoclonal','Affinity',1,'ab1220','387502','http://www.abcam.com/Histone-H3-di-methyl-K9-antibody-mAbcam-1220-ChIP-Grade-ab1220.html',NULL,0,0,3,'2010-11-30 22:47:56','2010-11-30 22:47:56'),(128,'H3K9me3',NULL,37,9986,'Synthetic peptide conjugated to KLH derived from within residues 1 - 100 of Human Histone H3, tri methylated at K9.','polyclonal','Affinity',1,'ab8898','339900','http://www.abcam.com/Histone-H3-tri-methyl-K9-antibody-ChIP-Grade-ab8898.html',NULL,0,0,2,'2010-11-30 22:47:57','2010-11-30 22:47:57'),(129,'H3K9me3',NULL,37,9986,'','polyclonal','Affinity',1,'ab8898','484099','http://www.abcam.com/ab8898.html',NULL,0,0,3,'2010-11-30 22:47:57','2010-11-30 22:47:57'),(130,'H3K9me3',NULL,37,9986,'','polyclonal','Affinity',1,'ab8898','699671','http://www.abcam.com/ab8898.html',NULL,0,0,3,'2010-11-30 22:47:57','2010-11-30 22:47:57'),(131,'H3K9me3 (new lot)',NULL,37,9986,'Synthetic peptide conjugated to KLH derived from within residues 1 - 100 of Human Histone H3, tri methylated at K9','polyclonal','Affinity',1,'ab8898','492774','http://www.abcam.com/Histone-H3-tri-methyl-K9-antibody-ChIP-Grade-ab8898.html',NULL,0,0,3,'2010-11-30 22:47:57','2010-11-30 22:47:57'),(132,'H3K9me3 Active Motif',NULL,37,9986,'Peptide including trimethyl-lysine 9 of histone H3','polyclonal','Crude',2,'39161','1008001','http://www.activemotif.com/catalog/details/39161.html',NULL,0,0,2,'2010-11-30 22:47:57','2010-11-30 22:47:57'),(133,'H3K9me3 Diagenode',NULL,37,10090,'KLH-conjugated synthetic peptide against the region of histone H3 containing the trimethylated lysine 9','monoclonal','Crude',16,'SN-146-100','1','http://diagenode.com/en/catalog/antibodies-3/histone-h3-and-modified-h3-27/product/h3k9me3-monoclonal-antibody-174',NULL,0,0,2,'2010-11-30 22:47:57','2010-11-30 22:47:57'),(134,'H3K9me3 abcam',NULL,37,9986,'synthetic peptide conjugated to KLH derived from within residues 1-100 of Human Histone H3, tri methylated at K9','polyclonal','Affinity',1,'ab8898','699687','http://www.abcam.com/Histone-H3-tri-methyl-K9-antibody-ChIP-Grade-ab8898.html',NULL,0,0,3,'2010-11-30 22:47:57','2010-11-30 22:47:57'),(135,'H3K9me3 clone 6F12-H4',NULL,37,10090,'(QTARme3KSTGGKA)2-KC','monoclonal','Affinity',51,'05-1242','DAM1605021','http://www.millipore.com/catalogue/item/05-1242',NULL,0,0,2,'2010-11-30 22:47:57','2010-11-30 22:47:57'),(136,'H3K9me3 not good',NULL,37,9986,'','polyclonal','Affinity',1,'ab8898','484088','http://www.abcam.com/ab8898.html',NULL,0,0,1,'2010-11-30 22:47:57','2010-11-30 22:47:57'),(137,'H3R17me2',NULL,38,9986,'Synthetic peptide conjugated to KLH derived from within residues 1 - 100 of Human Histone H3, di methylated at R17','polyclonal','Affinity',1,'ab8284','268537','http://www.abcam.com/Histone-H3-asymmetric-di-methyl-R17-antibody-ChIP-Grade-ab8284.html',NULL,0,0,1,'2010-11-30 22:47:57','2010-11-30 22:47:57'),(138,'H3R17me2 (Millipore)',NULL,38,9986,'BSA-conjugated, synthetic peptide (TGGKAPMe2RKQLA-C) corresponding to amino acids 11-21 of human Histone H3.','polyclonal','Affinity',51,'07-214','25045','http://www.millipore.com/catalogue/item/07-214',NULL,0,0,1,'2010-11-30 22:47:57','2010-11-30 22:47:57'),(139,'H3R17me2(asym)',NULL,38,9986,'This antibody has been raised against histone H3 containing the asymmetrically dimethylated arginine 17 (H3R17me2(asym)), using a KLH- conjugated synthetic peptide.','polyclonal','Crude',16,'CS-092-100','A81-001','http://www.diagenode.com/en/catalog/antibodies-3/histone-h3-and-modified-h3-27/product/h3r17me2-polyclonal-antibody-124',NULL,0,0,3,'2010-11-30 22:47:57','2010-11-30 22:47:57'),(140,'H3R17me2a',NULL,38,9986,'','polyclonal','Affinity',1,'ab8284','479556','http://www.abcam.com/ab8284.html',NULL,0,0,3,'2010-11-30 22:47:57','2010-11-30 22:47:57'),(141,'H3R17me2a',NULL,38,9986,'','monoclonal','Crude',51,'04-077','DAM1498202','http://www.millipore.com/catalogue/item/04-077',NULL,0,0,2,'2010-11-30 22:47:57','2010-11-30 22:47:57'),(142,'H3R26me2a',NULL,39,9986,'','polyclonal','Affinity',51,'07-215','NG1696115','http://www.millipore.com/catalogue/item/07-215',NULL,0,0,2,'2010-11-30 22:47:57','2010-11-30 22:47:57'),(143,'H3R2me1',NULL,40,9986,'Synthetic peptide conjugated to KLH derived from within residues 1 to the C-terminus Histone H3, mono methylated R2.','polyclonal','Affinity',1,'ab15584','632730','http://www.abcam.com/Histone-H3-mono-methyl-R2-antibody-ChIP-Grade-ab15584.html',NULL,0,0,3,'2010-11-30 22:47:56','2010-11-30 22:47:56'),(144,'H3R2me2a',NULL,41,9986,'','monoclonal','Crude',51,'04-808','DAM1565964','http://www.millipore.com/catalogue/item/04-808',NULL,0,0,2,'2010-11-30 22:47:57','2010-11-30 22:47:57'),(145,'H3R2me2a',NULL,41,9986,'','monoclonal','Affinity',51,'05-808','26925','http://www.millipore.com/catalogue/item/05-808',NULL,0,0,2,'2010-11-30 22:47:57','2010-11-30 22:47:57'),(146,'H3R2me2a',NULL,41,9986,'','polyclonal','Crude',51,'07-585','DAM1531013','http://www.millipore.com/catalogue/item/07-585',NULL,0,0,2,'2010-11-30 22:47:57','2010-11-30 22:47:57'),(147,'H3R2me2s',NULL,42,9986,'','polyclonal','Affinity',2,'39703','34509001','http://www.activemotif.com/catalog/details/39703.html',NULL,0,0,2,'2010-11-30 22:47:57','2010-11-30 22:47:57'),(148,'H3R8me1',NULL,43,9986,'','polyclonal','Crude',2,'39673','31709001','http://www.activemotif.com/catalog/details/39673.html',NULL,0,0,3,'2010-11-30 22:47:57','2010-11-30 22:47:57'),(149,'H3R8me2a',NULL,44,9986,'','polyclonal','Affinity',2,'39652','28209001','http://www.activemotif.com/catalog/details/39652.html',NULL,0,0,1,'2010-11-30 22:47:57','2010-11-30 22:47:57'),(150,'H3S10P',NULL,45,10090,'','monoclonal','Affinity',1,'ab14955','398956','http://www.abcam.com/ab14955.html',NULL,0,0,2,'2010-11-30 22:47:56','2010-11-30 22:47:56'),(151,'H3S10ph',NULL,45,9986,'','polyclonal','Crude',16,'CS-116-100','A161-001','http://diagenode.com/en/catalog/antibodies-3/histone-h3-and-modified-h3-27/product/h3s10p-polyclonal-antibody-147',NULL,0,0,3,'2010-11-30 22:47:57','2010-11-30 22:47:57'),(152,'H3S10ph',NULL,45,9986,'','monoclonal','Crude',51,'04-817','NG1667635','http://www.millipore.com/catalogue/item/04-817',NULL,0,0,3,'2010-11-30 22:47:57','2010-11-30 22:47:57'),(153,'H3S10ph',NULL,45,10090,'','monoclonal','Affinity',51,'05-806','DAM1647868','http://www.millipore.com/catalogue/item/05-806',NULL,0,0,2,'2010-11-30 22:47:57','2010-11-30 22:47:57'),(154,'H3S28P',NULL,46,9986,'','polyclonal','Affinity',1,'ab5169','89761','http://www.abcam.com/histone-h3-phospho-s28-antibody-ab5169.html',NULL,0,0,1,'2010-11-30 22:47:57','2010-11-30 22:47:57'),(155,'H3T11ph',NULL,47,9986,'','polyclonal','Affinity',1,'ab5168','747591','http://www.abcam.com/ab5168.html',NULL,0,0,3,'2010-11-30 22:47:57','2010-11-30 22:47:57'),(156,'H3T11ph',NULL,47,9986,'','monoclonal','Crude',51,'04-789','NG1668126','http://www.millipore.com/catalogue/item/04-789',NULL,0,0,2,'2010-11-30 22:47:57','2010-11-30 22:47:57'),(157,'H4',NULL,48,9986,'','polyclonal','Affinity',51,'05-858','JBC1361839','http://www.millipore.com/catalogue/item/05-858',NULL,0,0,1,'2010-11-30 22:47:57','2010-11-30 22:47:57'),(158,'H4K12ac',NULL,49,9986,'','polyclonal','Affinity',1,'ab1761','220688','http://www.abcam.com/ab1761.html',NULL,0,0,2,'2010-11-30 22:47:56','2010-11-30 22:47:56'),(159,'H4K12ac',NULL,49,9986,'','polyclonal','Crude',2,'39165','106','http://www.activemotif.com/catalog/details/39165.html',NULL,0,0,3,'2010-11-30 22:47:57','2010-11-30 22:47:57'),(160,'H4K12ac',NULL,49,9986,'','polyclonal','Partial',51,'07-595','28885','http://www.millipore.com/catalogue/item/07-595',NULL,0,0,3,'2010-11-30 22:47:57','2010-11-30 22:47:57'),(161,'H4K16ac',NULL,50,9986,'Peptide including acetil-lysine 16 of histon H4','polyclonal','Affinity',2,'39167','01609002',NULL,NULL,0,0,2,'2010-11-30 22:47:57','2010-11-30 22:47:57'),(162,'H4K16ac',NULL,50,9986,'','polyclonal','Serum',46,'AR-107','107',NULL,NULL,0,0,1,'2010-11-30 22:47:57','2010-11-30 22:47:57'),(163,'H4K16ac',NULL,50,9986,'','polyclonal','Affinity',61,'sc-8662-R','F0908',NULL,NULL,0,0,1,'2010-11-30 22:47:57','2010-11-30 22:47:57'),(164,'H4K16ac(M)',NULL,50,9986,'Recognizes acetyl-histone H4 (Lys16), Mr ~10 kDa','polyclonal','Affinity',51,'07-329','JBC135537','http://www.millipore.com/catalogue/item/07-329',NULL,0,0,3,'2010-11-30 22:47:57','2010-11-30 22:47:57'),(165,'H4K20me',NULL,51,9986,'Synthetic peptide conjugated to KLH derived from within residues 1-100 of Human Histone H4, mono methylated at K20.','polyclonal','Affinity',1,'ab9051','519198','http://www.abcam.com/histone-h4-mono-methyl-k20-antibody-chip-grade-ab9051.html',NULL,0,0,4,'2010-11-30 22:47:57','2010-11-30 22:47:57'),(166,'H4K20me (2nd lot)',NULL,51,9986,'Synthetic peptide conjugated to KLH derived from within residues 1-100 of Human Histone H4, mono methylated at K20.','polyclonal','Affinity',1,'ab9051','506983','http://www.abcam.com/histone-h4-mono-methyl-k20-antibody-chip-grade-ab9051.html',NULL,0,0,1,'2010-11-30 22:47:57','2010-11-30 22:47:57'),(167,'H4K20me1',NULL,51,9986,'Synthetic peptide conjugated to KLH derived from within residues 1 - 100 of Human Histone H4, mono methylated at K20','polyclonal','Affinity',1,'ab9051','104513','http://www.abcam.com/Histone-H4-mono-methyl-K20-antibody-ChIP-Grade-ab9051.html',NULL,0,0,4,'2010-11-30 22:47:57','2010-11-30 22:47:57'),(168,'H4K20me2',NULL,52,9986,'','polyclonal','Affinity',51,'07-367','32204','http://www.millipore.com/catalogue/item/07-367',NULL,0,0,1,'2010-11-30 22:47:57','2010-11-30 22:47:57'),(169,'H4K20me3',NULL,53,9986,'','polyclonal','Affinity',1,'ab9053','361931','http://www.abcam.com/histone-h4-tri-methyl-k20-antibody-chip-grade-ab9053.html',NULL,0,0,2,'2010-11-30 22:47:57','2010-11-30 22:47:57'),(170,'H4K20me3',NULL,53,9986,'','polyclonal','Affinity',1,'ab9053','754220','http://www.abcam.com/histone-h4-tri-methyl-k20-antibody-chip-grade-ab9053.html',NULL,0,0,3,'2010-11-30 22:47:57','2010-11-30 22:47:57'),(171,'H4K20me3',NULL,53,9986,'','polyclonal','Affinity',16,'CS-057-100','A9-002','http://diagenode.com/en/catalog/antibodies-3/histone-h4-and-modified-h4-28/product/h4k20me3-polyclonal-antibody-106',NULL,0,0,3,'2010-11-30 22:47:57','2010-11-30 22:47:57'),(172,'H4K20me3',NULL,53,9986,'','monoclonal','Crude',16,'SN-148-100','001','http://diagenode.com/en/catalog/antibodies-3/histone-h4-and-modified-h4-28/product/h4k20me3-monoclonal-antibody-176',NULL,0,0,2,'2010-11-30 22:47:57','2010-11-30 22:47:57'),(173,'H4K20me3',NULL,53,9986,'','polyclonal','Crude',2,'39180','1008001','http://www.activemotif.com/catalog/details/39180.html',NULL,0,0,1,'2010-11-30 22:47:57','2010-11-30 22:47:57'),(174,'H4K20me3',NULL,53,9986,'','polyclonal','Affinity',2,'39180','136','http://www.activemotif.com/catalog/details/39180.html',NULL,0,0,1,'2010-11-30 22:47:57','2010-11-30 22:47:57'),(175,'H4K20me3',NULL,53,9986,'','polyclonal','Crude',51,'07-463','DAM1644565','http://www.millipore.com/catalogue/item/07-463',NULL,0,0,2,'2010-11-30 22:47:57','2010-11-30 22:47:57'),(176,'H4K20me3',NULL,53,9986,'','polyclonal','Affinity',51,'07-749','30588','http://www.millipore.com/catalogue/item/07-749',NULL,0,0,2,'2010-11-30 22:47:57','2010-11-30 22:47:57'),(177,'H4K20me3 (Abcam)',NULL,53,9986,'Synthetic peptide conjugated to KLH derived from within residues 1 - 100 of Human Histone H4, tri methylated at K20.','polyclonal','Affinity',1,'ab9053','773057','http://www.abcam.com/Histone-H4-tri-methyl-K20-antibody-ChIP-Grade-ab9053.html',NULL,0,0,1,'2010-11-30 22:47:57','2010-11-30 22:47:57'),(178,'H4K5ac',NULL,54,9986,'Synthetic peptide corresponding to amino acids 1-10 of yeast histone H4 acetylated on lysine 5, with a C-terminal cysteine added for conjugation purposes','polyclonal','Affinity',51,'07-327','30417','http://www.millipore.com/catalogue/item/07-327',NULL,0,0,5,'2010-11-30 22:47:57','2010-11-30 22:47:57'),(179,'H4K5ac',NULL,54,9986,'','polyclonal','Crude',51,'07-327','DAM1641101','http://www.millipore.com/catalogue/item/07-327',NULL,0,0,3,'2010-11-30 22:47:57','2010-11-30 22:47:57'),(180,'H4K8ac',NULL,55,9986,'Synthetic peptide conjugated to KLH derived from within residues 1 - 100 of Human Histone H4, acetylated at K8.','polyclonal','Affinity',1,'ab15823','411260','http://www.abcam.com/Histone-H4-acetyl-K8-antibody-ChIP-Grade-ab15823.html',NULL,0,0,3,'2010-11-30 22:47:56','2010-11-30 22:47:56'),(181,'H4K8ac',NULL,55,9986,'','polyclonal','Crude',51,'07-328','DAM1478557','http://www.millipore.com/catalogue/item/07-328',NULL,0,0,3,'2010-11-30 22:47:57','2010-11-30 22:47:57'),(182,'H4K8ac',NULL,55,9986,'','polyclonal','Crude',51,'07-328','DAM1543700','http://www.millipore.com/catalogue/item/07-328',NULL,0,0,1,'2010-11-30 22:47:57','2010-11-30 22:47:57'),(183,'H4K91ac',NULL,56,9986,'','polyclonal','Affinity',1,'ab4627','82963','http://www.abcam.com/ab4627.html',NULL,0,0,3,'2010-11-30 22:47:56','2010-11-30 22:47:56'),(184,'H4K91ac',NULL,56,9986,'','polyclonal','Affinity',1,'ab4627','83186','http://www.abcam.com/ab4627.html',NULL,0,0,1,'2010-11-30 22:47:56','2010-11-30 22:47:56'),(185,'H4R3me1',NULL,57,9986,'','polyclonal','Affinity',1,'ab17339','396016','http://www.abcam.com/ab17339.html',NULL,0,0,2,'2010-11-30 22:47:56','2010-11-30 22:47:56'),(186,'H4R3me2',NULL,58,9986,'Synthetic peptide conjugated to KLH derived from within residues 1 - 100 Histone H4, symmetric di methylated at R3','polyclonal','Affinity',1,'ab5823','315787','http://www.abcam.com/Histone-H4-symmetric-di-methyl-R3-antibody-ChIP-Grade-ab5823.html',NULL,0,0,1,'2010-11-30 22:47:57','2010-11-30 22:47:57'),(187,'H4R3me2 (Active Motif)',NULL,58,9986,'This Histone H4 dimethyl Arg3, asymmetric antibody was raised against a synthetic peptide containing dimethyl-Arg3 (asymmetric) of human histone H4.','polyclonal','Affinity',2,'39275','16108001','No longer available',NULL,0,0,1,'2010-11-30 22:47:57','2010-11-30 22:47:57'),(188,'H4R3me2a',NULL,59,9986,'','polyclonal','Affinity',2,'39705','16108001','http://www.activemotif.com/catalog/details/39705.html',NULL,0,0,2,'2010-11-30 22:47:57','2010-11-30 22:47:57'),(189,'H4R3me2s',NULL,60,9986,'','polyclonal','Affinity',1,'ab5823','621265','http://www.abcam.com/histone-h4-symmetric-di-methyl-r3-antibody-chip-grade-ab5823.html',NULL,0,0,2,'2010-11-30 22:47:57','2010-11-30 22:47:57'),(190,'H4ac4',NULL,61,9986,'Peptide containing the amino terminal region of Tetrahymena histone variant hv1 acetylated at multiple lysines.','polyclonal','Affinity',2,'39179','19809002','http://www.activemotif.com/catalog/details/39179.html',NULL,0,0,3,'2010-11-30 22:47:57','2010-11-30 22:47:57'),(191,'HK00001-H3K36me3:13C9',NULL,25,10090,'','monoclonal','Protein G',25,'13C9','',NULL,NULL,0,0,3,'2010-11-30 22:47:57','2010-11-30 22:47:57'),(192,'HK00003_H3S10ph_14035F5',NULL,45,10090,'','monoclonal','Protein G',25,'14035F5','',NULL,NULL,0,0,1,'2010-11-30 22:47:57','2010-11-30 22:47:57'),(193,'HK00004:H3S10ph:10H12',NULL,45,10090,'','monoclonal','Protein G',25,'10H12','',NULL,NULL,0,0,1,'2010-11-30 22:47:57','2010-11-30 22:47:57'),(194,'HK00005_H3S10p:CMA3117G1G7',NULL,45,10090,'','monoclonal','Protein G',25,'CMA3117G1G7','',NULL,NULL,0,0,1,'2010-11-30 22:47:57','2010-11-30 22:47:57'),(195,'HK00006_H3S28ph_1401020F11',NULL,46,10090,'','monoclonal','Protein G',25,'1401020F11','',NULL,NULL,0,0,2,'2010-11-30 22:47:57','2010-11-30 22:47:57'),(196,'HK00008-H3K9me2-6D11',NULL,36,10090,'','monoclonal','Protein G',25,'6D11','',NULL,NULL,0,0,3,'2010-11-30 22:47:57','2010-11-30 22:47:57'),(197,'HK00008_H3K27me1:4C4',NULL,19,10090,'','monoclonal','Protein G',25,'4C4','',NULL,NULL,0,0,3,'2010-11-30 22:47:57','2010-11-30 22:47:57'),(198,'HK00009_H3K9me3_2F3',NULL,37,10090,'','monoclonal','Protein G',25,'2F3','',NULL,NULL,0,0,3,'2010-11-30 22:47:57','2010-11-30 22:47:57'),(199,'HK00012-H3K36me2:2C3',NULL,24,10090,'','monoclonal','Protein G',25,'2C3','',NULL,NULL,0,0,3,'2010-11-30 22:47:57','2010-11-30 22:47:57'),(200,'HK00013-H3K27me3:1E7',NULL,21,10090,'','monoclonal','Protein G',25,'1E7','',NULL,NULL,0,0,3,'2010-11-30 22:47:57','2010-11-30 22:47:57'),(201,'HK00014-H3K27me2:5D1',NULL,20,10090,'','monoclonal','Protein G',25,'5D1','',NULL,NULL,0,0,2,'2010-11-30 22:47:57','2010-11-30 22:47:57'),(202,'HK00015-H3K36me1:1H1',NULL,23,10090,'','monoclonal','Protein G',25,'1H1','',NULL,NULL,0,0,3,'2010-11-30 22:47:57','2010-11-30 22:47:57'),(203,'MP05858-H4-DAM1636076',NULL,48,9986,'laffmslvafa','monoclonal','Serum',51,'05-858','DAM1636076',NULL,NULL,0,0,1,'2010-11-30 22:47:57','2010-11-30 22:47:57'),(204,'MP07030_H3K4me2:DAM1570816',NULL,28,9986,'','polyclonal','Serum',51,'07-030','DAM1570816',NULL,NULL,0,0,2,'2010-11-30 22:47:57','2010-11-30 22:47:57'),(205,'MP07145_H3S28ph:DAM1576931',NULL,46,9986,'','polyclonal','Affinity',51,'07-145','DAM1576931',NULL,NULL,0,0,1,'2010-11-30 22:47:57','2010-11-30 22:47:57'),(206,'MP07329_H3K16ac:DAM1612187',NULL,50,9986,'','polyclonal','Serum',51,'07-329','DAM1612187',NULL,NULL,0,0,2,'2010-11-30 22:47:57','2010-11-30 22:47:57'),(207,'MP07367_H4K20me2:DAM1543701',NULL,52,9986,'','polyclonal','Serum',51,'07-367','DAM1543701',NULL,NULL,0,0,1,'2010-11-30 22:47:57','2010-11-30 22:47:57'),(208,'TJ00001_H3K27me1_8835',NULL,19,9986,'','polyclonal','Serum',67,'rabbit 8835','',NULL,NULL,0,0,1,'2010-11-30 22:47:57','2010-11-30 22:47:57'),(209,'TJ00002_H3K27me2_8841',NULL,20,9986,'','polyclonal','Serum',67,'Robbit 8841','',NULL,NULL,0,0,1,'2010-11-30 22:47:57','2010-11-30 22:47:57'),(210,'UP07145_H3S28ph:27707',NULL,46,9986,'','polyclonal','Affinity',51,'07-145','27707',NULL,NULL,0,0,1,'2010-11-30 22:47:57','2010-11-30 22:47:57'),(211,'UP07442-H3K9me3',NULL,37,9986,'','polyclonal','Protein A',51,'07-442','609040589',NULL,NULL,0,0,1,'2010-11-30 22:47:57','2010-11-30 22:47:57'),(212,'UP07442-H3K9me3:DAM1411287',NULL,37,9986,'','polyclonal','Protein A',51,'07-442','DAM1411287',NULL,NULL,0,0,3,'2010-11-30 22:47:57','2010-11-30 22:47:57'),(213,'UP07448_H3K27me1_24439',NULL,19,9986,'','polyclonal','Protein A',51,'07-448','24439',NULL,NULL,0,0,2,'2010-11-30 22:47:57','2010-11-30 22:47:57'),(214,'UP07449_H3K27me3:24440',NULL,21,9986,'','polyclonal','Affinity',51,'07-449','24440','http://www.millipore.com/catalogue/item/07-449',NULL,0,0,2,'2010-11-30 22:47:57','2010-11-30 22:47:57'),(215,'UP07473_H3K4me3:24503',NULL,29,9986,'','polyclonal','Serum',51,'07-473','24503',NULL,NULL,0,0,1,'2010-11-30 22:47:57','2010-11-30 22:47:57'),(216,'WA30234829_H3K9me1',NULL,35,10090,'','monoclonal','Protein G',71,'302-34829','8002',NULL,NULL,0,0,2,'2010-11-30 22:47:57','2010-11-30 22:47:57'),(217,'WA30335199-H3S10ph',NULL,45,10090,'','monoclonal','Protein G',71,'303-35199','8002',NULL,NULL,0,0,1,'2010-11-30 22:47:57','2010-11-30 22:47:57'),(218,'WA30534799_H3K4me1',NULL,27,10090,'','monoclonal','Protein G',71,'305-34799','8002',NULL,NULL,0,0,3,'2010-11-30 22:47:57','2010-11-30 22:47:57'),(219,'WA30534819_H3K4me3',NULL,29,10090,'','monoclonal','Protein G',71,'305-34819','8002',NULL,NULL,0,0,3,'2010-11-30 22:47:58','2010-11-30 22:47:58'),(220,'WA30634849-H3K27ac',NULL,18,10090,'','monoclonal','Protein G',71,'306-34849','8002',NULL,NULL,0,0,2,'2010-11-30 22:47:58','2010-11-30 22:47:58'),(221,'WA30834809_H3K4me2',NULL,28,10090,'','monoclonal','Protein G',71,'308-34809','8002',NULL,NULL,0,0,3,'2010-11-30 22:47:58','2010-11-30 22:47:58'),(222,'WA30932379_H3K9ac',NULL,33,10090,'','monoclonal','Protein G',71,'309-32379','8002',NULL,NULL,0,0,2,'2010-11-30 22:47:58','2010-11-30 22:47:58'),(223,'WA30934839_H3K9me3',NULL,37,10090,'','monoclonal','Protein G',71,'309-34839','8002',NULL,NULL,0,0,1,'2010-11-30 22:47:58','2010-11-30 22:47:58'),(224,'ab1220_H3K9me2_579893',NULL,36,10090,'Synthetic peptide conjugated to KLH derived from within residues 1 - 100 of Human Histone H3, di methylated at K9','monoclonal','Protein A',1,'ab1220','579893','http://www.abcam.com/Histone-H3-di-methyl-K9-antibody-mAbcam-1220-ChIP-Grade-ab1220.html',NULL,0,0,1,'2010-11-30 22:47:56','2010-11-30 22:47:56'),(225,'ab15823-H4K8ac',NULL,55,9986,'Synthetic peptide conjugated to KLH derived from within residues 1 - 100 of Human Histone H4, acetylated at K8 mpdtnstinlslstrvtlaffmslvafaimlgnalvilafvvdknlrhrssyfflnlaisdffvgvisiplyiphtlfewdfgkeicvfwlttdyllcta','polyclonal','Affinity',1,'ab15823','487128','http://www.abcam.com/Histone-H4-acetyl-K8-antibody-ChIP-Grade-ab15823.html',NULL,0,0,1,'2010-11-30 22:47:56','2010-11-30 22:47:56'),(226,'ab1791-H3:609253',NULL,12,9986,'Synthetic peptide conjugated to KLH derived from within residues 100 to the C-terminus of Human Histone H3.','polyclonal','Affinity',1,'ab1791','609253','http://www.abcam.com/Histone-H3-antibody-ChIP-Grade-ab1791.html',NULL,0,0,2,'2010-11-30 22:47:56','2010-11-30 22:47:56'),(227,'ab23352_H4K16ac:561468',NULL,50,10090,'Synthetic peptide conjugated to KLH derived from within residues 1 - 100 of Human Histone H4, acetylated at K16. ','monoclonal','Protein G',1,'ab23352','561468','http://www.abcam.com/Histone-H4-acetyl-K16-antibody-mAbcam23352-ab23352.html',NULL,0,0,1,'2010-11-30 22:47:56','2010-11-30 22:47:56'),(228,'ab24684-H3K27me2:383109',NULL,20,9986,'Synthetic peptide conjugated to KLH derived from within residues 1 - 100 of Human Histone H3, di methylated at K27. ','polyclonal','Protein A',1,'ab24684','383109','http://www.abcam.com/Histone-H3-di-methyl-K27-antibody-ChIP-Grade-ab24684.html',NULL,0,0,2,'2010-11-30 22:47:56','2010-11-30 22:47:56'),(229,'ab2621_H3K79me3:361576',NULL,32,9986,'Synthetic peptide conjugated to KLH derived from within residues 50 to the C-terminus of Human Histone H3, tri methylated at K79. ','polyclonal','Affinity',1,'ab2621','361576','http://www.abcam.com/Histone-H3-tri-methyl-K79-antibody-ChIP-Grade-ab2621.html',NULL,0,0,2,'2010-11-30 22:47:56','2010-11-30 22:47:56'),(230,'ab31827_H4:386566',NULL,48,10090,'','monoclonal','Affinity',1,'ab31827','386566',NULL,NULL,0,0,1,'2010-11-30 22:47:56','2010-11-30 22:47:56'),(231,'ab4441_H3K9ac_360927',NULL,33,9986,'Synthetic peptide: ARTKQTARAcKSTG-C conjugated to KLH, corresponding to amino acids 1-12 of Human Histone H3.','polyclonal','Affinity',1,'ab4441','360927','http://www.abcam.com/Histone-H3-acetyl-K9-antibody-ChIP-Grade-ab4441.html',NULL,0,0,2,'2010-11-30 22:47:56','2010-11-30 22:47:56'),(232,'ab4729_H3K27ac:361571',NULL,18,9986,'Synthetic peptide conjugated to KLH derived from within residues 1 - 100 of Human Histone H3, acetylated at K27. ','polyclonal','Affinity',1,'ab4729','361571','http://www.abcam.com/Histone-H3-acetyl-K27-antibody-ChIP-Grade-ab4729.html',NULL,0,0,2,'2010-11-30 22:47:57','2010-11-30 22:47:57'),(233,'ab5169_H3S28ph:544309',NULL,46,9986,'Synthetic peptide conjugated to KLH derived from within residues 1 - 100 of Human Histone H3, phosphorylated at S28. ','polyclonal','Affinity',1,'ab5169','544309','http://www.abcam.com/Histone-H3-phospho-S28-antibody-ab5169.html',NULL,0,0,2,'2010-11-30 22:47:57','2010-11-30 22:47:57'),(234,'ab6002-H3K27me3:367240',NULL,21,10090,'Synthetic peptide derived from residues 1 - 100 of Human Histone H3, tri methylated at K27. ','monoclonal','Protein A',1,'ab6002','367240','http://www.abcam.com/Histone-H3-tri-methyl-K27-antibody-mAbcam-6002-ChIP-Grade-ab6002.html',NULL,0,0,1,'2010-11-30 22:47:57','2010-11-30 22:47:57'),(235,'ab7766_H3K4me2_160830',NULL,28,9986,'','polyclonal','Affinity',1,'ab7766','160830',NULL,NULL,0,0,2,'2010-11-30 22:47:57','2010-11-30 22:47:57'),(236,'ab78517-H4K20me3-6F8D9',NULL,53,10090,'Synthetic peptide of Human Histone H4.','monoclonal','Affinity',1,'ab78517','6F8-D9','http://www.abcam.com/Histone-H4-tri-methyl-K20-antibody-6F8-D9-ChIP-Grade-ab78517.html',NULL,0,0,2,'2010-11-30 22:47:57','2010-11-30 22:47:57'),(237,'ab8895_H3K4me1:733246',NULL,27,9986,'Synthetic peptide conjugated to KLH derived from within residues 1 - 100 of Human Histone H3, mono methylated at K4. ','polyclonal','Affinity',1,'ab8895','733246','http://www.abcam.com/Histone-H3-mono-methyl-K4-antibody-ChIP-Grade-ab8895.html',NULL,0,0,2,'2010-11-30 22:47:57','2010-11-30 22:47:57'),(238,'ab8896_H3K9me1_104560',NULL,35,9986,'Synthetic peptide derived from within residues 1 - 100 Histone H3. ','polyclonal','Affinity',1,'ab8896','104560','http://www.abcam.com/Histone-H3-mono-methyl-K9-antibody-ChIP-Grade-ab8896.html',NULL,0,0,3,'2010-11-30 22:47:57','2010-11-30 22:47:57'),(239,'ab8898-H3K9me3:339901',NULL,37,9986,'Synthetic peptide conjugated to KLH derived from within residues 1 - 100 of Human Histone H3, tri methylated at K9. ','polyclonal','Affinity',1,'ab8898','339901','http://www.abcam.com/Histone-H3-tri-methyl-K9-antibody-ChIP-Grade-ab8898.html',NULL,0,0,3,'2010-11-30 22:47:57','2010-11-30 22:47:57'),(240,'ab8898-H3K9me3:536532',NULL,37,9986,'Synthetic peptide conjugated to KLH derived from within residues 1 - 100 of Human Histone H3, tri methylated at K9. ','polyclonal','Affinity',1,'ab8898','536532','http://www.abcam.com/Histone-H3-tri-methyl-K9-antibody-ChIP-Grade-ab8898.html',NULL,0,0,1,'2010-11-30 22:47:57','2010-11-30 22:47:57'),(241,'ab9045_H3K9me1:291918',NULL,35,9986,'Synthetic peptide conjugated to KLH derived from within residues 1 - 100 of Human Histone H3, mono methylated at K9.','polyclonal','Affinity',1,'ab9045','291918','http://www.abcam.com/Histone-H3-mono-methyl-K9-antibody-ChIP-Grade-ab9045.html',NULL,0,0,3,'2010-11-30 22:47:57','2010-11-30 22:47:57'),(242,'ab9048_H3K36me1:206009',NULL,23,9986,'Synthetic peptide conjugated to KLH derived from within residues 1 - 100 of Human Histone H3, mono methylated at K36. ','polyclonal','Affinity',1,'ab9048','206009','http://www.abcam.com/Histone-H3-mono-methyl-K36-antibody-ChIP-Grade-ab9048.html',NULL,0,0,2,'2010-11-30 22:47:57','2010-11-30 22:47:57'),(243,'ab9049-H3K36me2:608457',NULL,24,9986,'Synthetic peptide conjugated to KLH derived from within residues 1 - 100 of Human Histone H3.','polyclonal','Affinity',1,'ab9049','608457','http://www.abcam.com/Histone-H3-di-methyl-K36-antibody-ChIP-Grade-ab9049.html',NULL,0,0,2,'2010-11-30 22:47:57','2010-11-30 22:47:57'),(244,'ab9050-H3K36me3:361914',NULL,25,9986,'Synthetic peptide conjugated to KLH derived from within residues 1 - 100 of Human Histone H3, tri methylated at K36. ','polyclonal','Affinity',1,'ab9050','361914','http://www.abcam.com/Histone-H3-tri-methyl-K36-antibody-ChIP-Grade-ab9050.html',NULL,0,0,2,'2010-11-30 22:47:57','2010-11-30 22:47:57'),(245,'ab9050-H3K36me3:391021',NULL,25,9986,'Synthetic peptide conjugated to KLH derived from within residues 1 - 100 of Human Histone H3, tri methylated at K36. ','polyclonal','Affinity',1,'ab9050','391021','http://www.abcam.com/Histone-H3-tri-methyl-K36-antibody-ChIP-Grade-ab9050.html',NULL,0,0,1,'2010-11-30 22:47:57','2010-11-30 22:47:57'),(246,'ab9050-H3K36me3:454860',NULL,25,9986,'Synthetic peptide conjugated to KLH derived from within residues 1 - 100 of Human Histone H3, tri methylated at K36. ','polyclonal','Affinity',1,'ab9050','454860','http://www.abcam.com/Histone-H3-tri-methyl-K36-antibody-ChIP-Grade-ab9050.html',NULL,0,0,3,'2010-11-30 22:47:57','2010-11-30 22:47:57'),(247,'ab9053_H4K20me3:232666',NULL,53,9986,'Synthetic peptide conjugated to KLH derived from within residues 1 - 100 of Human Histone H4, tri methylated at K20. ','polyclonal','Affinity',1,'ab9053','232666','http://www.abcam.com/Histone-H4-tri-methyl-K20-antibody-ChIP-Grade-ab9053.html',NULL,0,0,2,'2010-11-30 22:47:57','2010-11-30 22:47:57');
/*!40000 ALTER TABLE `antibodies` ENABLE KEYS */;
UNLOCK TABLES;

--
-- Table structure for table `images`
--

DROP TABLE IF EXISTS `images`;
CREATE TABLE `images` (
  `id` int(11) NOT NULL auto_increment,
  `validation_id` int(11) default NULL,
  `filename` varchar(255) collate utf8_unicode_ci default NULL,
  `description` varchar(255) collate utf8_unicode_ci default NULL,
  `content_type` varchar(255) collate utf8_unicode_ci default NULL,
  `binary_data` longblob,
  PRIMARY KEY  (`id`),
  KEY `index_images_on_validation_id` (`validation_id`)
) ENGINE=InnoDB DEFAULT CHARSET=utf8 COLLATE=utf8_unicode_ci;

--
-- Dumping data for table `images`
--

LOCK TABLES `images` WRITE;
/*!40000 ALTER TABLE `images` DISABLE KEYS */;
/*!40000 ALTER TABLE `images` ENABLE KEYS */;
UNLOCK TABLES;

--
-- Table structure for table `project_antibodies`
--

DROP TABLE IF EXISTS `project_antibodies`;
CREATE TABLE `project_antibodies` (
  `id` int(11) NOT NULL auto_increment,
  `project_id` int(11) default NULL,
  `antibody_id` int(11) default NULL,
  `created_at` datetime default NULL,
  `updated_at` datetime default NULL,
  PRIMARY KEY  (`id`)
) ENGINE=InnoDB DEFAULT CHARSET=utf8 COLLATE=utf8_unicode_ci;

--
-- Dumping data for table `project_antibodies`
--

LOCK TABLES `project_antibodies` WRITE;
/*!40000 ALTER TABLE `project_antibodies` DISABLE KEYS */;
/*!40000 ALTER TABLE `project_antibodies` ENABLE KEYS */;
UNLOCK TABLES;

--
-- Table structure for table `project_targets`
--

DROP TABLE IF EXISTS `project_targets`;
CREATE TABLE `project_targets` (
  `id` int(11) NOT NULL auto_increment,
  `project_id` int(11) default NULL,
  `target_id` int(11) default NULL,
  `created_at` datetime default NULL,
  `updated_at` datetime default NULL,
  PRIMARY KEY  (`id`)
) ENGINE=InnoDB DEFAULT CHARSET=utf8 COLLATE=utf8_unicode_ci;

--
-- Dumping data for table `project_targets`
--

LOCK TABLES `project_targets` WRITE;
/*!40000 ALTER TABLE `project_targets` DISABLE KEYS */;
INSERT INTO `project_targets` VALUES (1,1,1,'2010-11-30 22:47:41','2010-11-30 22:47:41'),(2,1,2,'2010-11-30 22:47:41','2010-11-30 22:47:41'),(3,1,3,'2010-11-30 22:47:41','2010-11-30 22:47:41'),(4,1,4,'2010-11-30 22:47:41','2010-11-30 22:47:41'),(5,1,5,'2010-11-30 22:47:41','2010-11-30 22:47:41'),(6,1,6,'2010-11-30 22:47:41','2010-11-30 22:47:41'),(7,1,7,'2010-11-30 22:47:41','2010-11-30 22:47:41'),(8,1,8,'2010-11-30 22:47:41','2010-11-30 22:47:41'),(9,1,9,'2010-11-30 22:47:41','2010-11-30 22:47:41'),(10,1,10,'2010-11-30 22:47:41','2010-11-30 22:47:41'),(11,1,11,'2010-11-30 22:47:41','2010-11-30 22:47:41'),(12,1,12,'2010-11-30 22:47:41','2010-11-30 22:47:41'),(13,1,13,'2010-11-30 22:47:41','2010-11-30 22:47:41'),(14,1,14,'2010-11-30 22:47:41','2010-11-30 22:47:41'),(15,1,15,'2010-11-30 22:47:41','2010-11-30 22:47:41'),(16,1,16,'2010-11-30 22:47:41','2010-11-30 22:47:41'),(17,1,17,'2010-11-30 22:47:41','2010-11-30 22:47:41'),(18,1,18,'2010-11-30 22:47:41','2010-11-30 22:47:41'),(19,1,19,'2010-11-30 22:47:41','2010-11-30 22:47:41'),(20,1,20,'2010-11-30 22:47:41','2010-11-30 22:47:41'),(21,1,21,'2010-11-30 22:47:41','2010-11-30 22:47:41'),(22,1,22,'2010-11-30 22:47:41','2010-11-30 22:47:41'),(23,1,23,'2010-11-30 22:47:41','2010-11-30 22:47:41'),(24,1,24,'2010-11-30 22:47:41','2010-11-30 22:47:41'),(25,1,25,'2010-11-30 22:47:41','2010-11-30 22:47:41'),(26,1,26,'2010-11-30 22:47:41','2010-11-30 22:47:41'),(27,1,27,'2010-11-30 22:47:41','2010-11-30 22:47:41'),(28,1,28,'2010-11-30 22:47:41','2010-11-30 22:47:41'),(29,1,29,'2010-11-30 22:47:41','2010-11-30 22:47:41'),(30,1,30,'2010-11-30 22:47:41','2010-11-30 22:47:41'),(31,1,31,'2010-11-30 22:47:41','2010-11-30 22:47:41'),(32,1,32,'2010-11-30 22:47:41','2010-11-30 22:47:41'),(33,1,33,'2010-11-30 22:47:41','2010-11-30 22:47:41'),(34,1,34,'2010-11-30 22:47:41','2010-11-30 22:47:41'),(35,1,35,'2010-11-30 22:47:41','2010-11-30 22:47:41'),(36,1,36,'2010-11-30 22:47:41','2010-11-30 22:47:41'),(37,1,37,'2010-11-30 22:47:41','2010-11-30 22:47:41'),(38,1,38,'2010-11-30 22:47:41','2010-11-30 22:47:41'),(39,1,39,'2010-11-30 22:47:41','2010-11-30 22:47:41'),(40,1,40,'2010-11-30 22:47:41','2010-11-30 22:47:41'),(41,1,41,'2010-11-30 22:47:41','2010-11-30 22:47:41'),(42,1,42,'2010-11-30 22:47:41','2010-11-30 22:47:41'),(43,1,43,'2010-11-30 22:47:41','2010-11-30 22:47:41'),(44,1,44,'2010-11-30 22:47:41','2010-11-30 22:47:41'),(45,1,45,'2010-11-30 22:47:41','2010-11-30 22:47:41'),(46,1,46,'2010-11-30 22:47:41','2010-11-30 22:47:41'),(47,1,47,'2010-11-30 22:47:41','2010-11-30 22:47:41'),(48,1,48,'2010-11-30 22:47:41','2010-11-30 22:47:41'),(49,1,49,'2010-11-30 22:47:41','2010-11-30 22:47:41'),(50,1,50,'2010-11-30 22:47:41','2010-11-30 22:47:41'),(51,1,51,'2010-11-30 22:47:41','2010-11-30 22:47:41'),(52,1,52,'2010-11-30 22:47:41','2010-11-30 22:47:41'),(53,1,53,'2010-11-30 22:47:41','2010-11-30 22:47:41'),(54,1,54,'2010-11-30 22:47:41','2010-11-30 22:47:41'),(55,1,55,'2010-11-30 22:47:41','2010-11-30 22:47:41'),(56,1,56,'2010-11-30 22:47:41','2010-11-30 22:47:41'),(57,1,57,'2010-11-30 22:47:41','2010-11-30 22:47:41'),(58,1,58,'2010-11-30 22:47:41','2010-11-30 22:47:41'),(59,1,59,'2010-11-30 22:47:41','2010-11-30 22:47:41'),(60,1,60,'2010-11-30 22:47:41','2010-11-30 22:47:41'),(61,1,61,'2010-11-30 22:47:41','2010-11-30 22:47:41');
/*!40000 ALTER TABLE `project_targets` ENABLE KEYS */;
UNLOCK TABLES;

--
-- Table structure for table `projects`
--

DROP TABLE IF EXISTS `projects`;
CREATE TABLE `projects` (
  `id` int(11) NOT NULL auto_increment,
  `name` varchar(255) collate utf8_unicode_ci default NULL,
  `description` text collate utf8_unicode_ci,
  `journal` text collate utf8_unicode_ci,
  `publication_year` int(11) default NULL,
  `url` text collate utf8_unicode_ci,
  `project_targets_count` int(11) default '0',
  `project_antibodies_count` int(11) default '0',
  `created_at` datetime default NULL,
  `updated_at` datetime default NULL,
  PRIMARY KEY  (`id`)
) ENGINE=InnoDB DEFAULT CHARSET=utf8 COLLATE=utf8_unicode_ci;

--
-- Dumping data for table `projects`
--

LOCK TABLES `projects` WRITE;
/*!40000 ALTER TABLE `projects` DISABLE KEYS */;
INSERT INTO `projects` VALUES (1,'An assessment of histone-modification antibody quality','We have tested the specificity and utility of more than 200 antibodies raised against 57 different histone modifications in Drosophila melanogaster, Caenorhabditis elegans and human cells. Although most antibodies performed well, more than 25% failed specificity tests by dot blot or western blot. Among specific antibodies, more than 20% failed in chromatin immunoprecipitation experiments. We advise rigorous testing of histone-modification antibodies before use.','Nature Structural & Molecular Biology',2010,'http://dx.doi.org/10.1038/nsmb.1972',61,0,'2010-11-30 22:47:29','2010-11-30 22:47:29');
/*!40000 ALTER TABLE `projects` ENABLE KEYS */;
UNLOCK TABLES;

--
-- Table structure for table `schema_migrations`
--

DROP TABLE IF EXISTS `schema_migrations`;
CREATE TABLE `schema_migrations` (
  `version` varchar(255) collate utf8_unicode_ci NOT NULL,
  UNIQUE KEY `unique_schema_migrations` (`version`)
) ENGINE=InnoDB DEFAULT CHARSET=utf8 COLLATE=utf8_unicode_ci;

--
-- Dumping data for table `schema_migrations`
--

LOCK TABLES `schema_migrations` WRITE;
/*!40000 ALTER TABLE `schema_migrations` DISABLE KEYS */;
INSERT INTO `schema_migrations` VALUES ('20100929161208'),('20101005205504'),('20101007013235'),('20101007023900'),('20101007025559'),('20101024164201'),('20101024164605'),('20101024221005'),('20101026070844'),('20101026072852'),('20101026124429'),('20101120032804'),('20101120150305');
/*!40000 ALTER TABLE `schema_migrations` ENABLE KEYS */;
UNLOCK TABLES;

--
-- Table structure for table `source_targets`
--

DROP TABLE IF EXISTS `source_targets`;
CREATE TABLE `source_targets` (
  `id` int(11) NOT NULL auto_increment,
  `source_id` int(11) default NULL,
  `target_id` int(11) default NULL,
  `created_at` datetime default NULL,
  `updated_at` datetime default NULL,
  PRIMARY KEY  (`id`)
) ENGINE=InnoDB DEFAULT CHARSET=utf8 COLLATE=utf8_unicode_ci;

--
-- Dumping data for table `source_targets`
--

LOCK TABLES `source_targets` WRITE;
/*!40000 ALTER TABLE `source_targets` DISABLE KEYS */;
INSERT INTO `source_targets` VALUES (1,1,0,'2010-11-30 22:47:53','2010-11-30 22:47:53'),(2,1,1,'2010-11-30 22:47:53','2010-11-30 22:47:53'),(3,1,2,'2010-11-30 22:47:53','2010-11-30 22:47:53'),(4,1,5,'2010-11-30 22:47:53','2010-11-30 22:47:53'),(5,1,7,'2010-11-30 22:47:53','2010-11-30 22:47:53'),(6,1,9,'2010-11-30 22:47:53','2010-11-30 22:47:53'),(7,1,10,'2010-11-30 22:47:53','2010-11-30 22:47:53'),(8,1,11,'2010-11-30 22:47:53','2010-11-30 22:47:53'),(9,1,12,'2010-11-30 22:47:53','2010-11-30 22:47:53'),(10,1,13,'2010-11-30 22:47:53','2010-11-30 22:47:53'),(11,1,15,'2010-11-30 22:47:53','2010-11-30 22:47:53'),(12,1,17,'2010-11-30 22:47:53','2010-11-30 22:47:53'),(13,1,18,'2010-11-30 22:47:53','2010-11-30 22:47:53'),(14,1,20,'2010-11-30 22:47:53','2010-11-30 22:47:53'),(15,1,21,'2010-11-30 22:47:53','2010-11-30 22:47:53'),(16,1,23,'2010-11-30 22:47:53','2010-11-30 22:47:53'),(17,1,24,'2010-11-30 22:47:53','2010-11-30 22:47:53'),(18,1,25,'2010-11-30 22:47:53','2010-11-30 22:47:53'),(19,1,27,'2010-11-30 22:47:53','2010-11-30 22:47:53'),(20,1,28,'2010-11-30 22:47:53','2010-11-30 22:47:53'),(21,1,29,'2010-11-30 22:47:53','2010-11-30 22:47:53'),(22,1,31,'2010-11-30 22:47:53','2010-11-30 22:47:53'),(23,1,32,'2010-11-30 22:47:53','2010-11-30 22:47:53'),(24,1,33,'2010-11-30 22:47:53','2010-11-30 22:47:53'),(25,1,34,'2010-11-30 22:47:53','2010-11-30 22:47:53'),(26,1,35,'2010-11-30 22:47:53','2010-11-30 22:47:53'),(27,1,36,'2010-11-30 22:47:53','2010-11-30 22:47:53'),(28,1,37,'2010-11-30 22:47:53','2010-11-30 22:47:53'),(29,1,38,'2010-11-30 22:47:53','2010-11-30 22:47:53'),(30,1,40,'2010-11-30 22:47:53','2010-11-30 22:47:53'),(31,1,45,'2010-11-30 22:47:53','2010-11-30 22:47:53'),(32,1,46,'2010-11-30 22:47:53','2010-11-30 22:47:53'),(33,1,47,'2010-11-30 22:47:53','2010-11-30 22:47:53'),(34,1,48,'2010-11-30 22:47:53','2010-11-30 22:47:53'),(35,1,49,'2010-11-30 22:47:53','2010-11-30 22:47:53'),(36,1,50,'2010-11-30 22:47:53','2010-11-30 22:47:53'),(37,1,51,'2010-11-30 22:47:53','2010-11-30 22:47:53'),(38,1,53,'2010-11-30 22:47:53','2010-11-30 22:47:53'),(39,1,55,'2010-11-30 22:47:53','2010-11-30 22:47:53'),(40,1,56,'2010-11-30 22:47:53','2010-11-30 22:47:53'),(41,1,57,'2010-11-30 22:47:53','2010-11-30 22:47:53'),(42,1,58,'2010-11-30 22:47:53','2010-11-30 22:47:53'),(43,1,60,'2010-11-30 22:47:53','2010-11-30 22:47:53'),(44,1,61,'2010-11-30 22:47:53','2010-11-30 22:47:53'),(45,2,0,'2010-11-30 22:47:53','2010-11-30 22:47:53'),(46,2,4,'2010-11-30 22:47:53','2010-11-30 22:47:53'),(47,2,6,'2010-11-30 22:47:53','2010-11-30 22:47:53'),(48,2,9,'2010-11-30 22:47:53','2010-11-30 22:47:53'),(49,2,12,'2010-11-30 22:47:53','2010-11-30 22:47:53'),(50,2,18,'2010-11-30 22:47:53','2010-11-30 22:47:53'),(51,2,21,'2010-11-30 22:47:53','2010-11-30 22:47:53'),(52,2,22,'2010-11-30 22:47:53','2010-11-30 22:47:53'),(53,2,27,'2010-11-30 22:47:53','2010-11-30 22:47:53'),(54,2,29,'2010-11-30 22:47:53','2010-11-30 22:47:53'),(55,2,32,'2010-11-30 22:47:53','2010-11-30 22:47:53'),(56,2,33,'2010-11-30 22:47:53','2010-11-30 22:47:53'),(57,2,36,'2010-11-30 22:47:53','2010-11-30 22:47:53'),(58,2,37,'2010-11-30 22:47:53','2010-11-30 22:47:53'),(59,2,42,'2010-11-30 22:47:53','2010-11-30 22:47:53'),(60,2,43,'2010-11-30 22:47:53','2010-11-30 22:47:53'),(61,2,44,'2010-11-30 22:47:53','2010-11-30 22:47:53'),(62,2,49,'2010-11-30 22:47:53','2010-11-30 22:47:53'),(63,2,50,'2010-11-30 22:47:53','2010-11-30 22:47:53'),(64,2,51,'2010-11-30 22:47:53','2010-11-30 22:47:53'),(65,2,53,'2010-11-30 22:47:53','2010-11-30 22:47:53'),(66,2,58,'2010-11-30 22:47:53','2010-11-30 22:47:53'),(67,2,59,'2010-11-30 22:47:53','2010-11-30 22:47:53'),(68,2,61,'2010-11-30 22:47:53','2010-11-30 22:47:53'),(69,3,61,'2010-11-30 22:47:53','2010-11-30 22:47:53'),(70,4,1,'2010-11-30 22:47:53','2010-11-30 22:47:53'),(71,5,61,'2010-11-30 22:47:53','2010-11-30 22:47:53'),(72,6,61,'2010-11-30 22:47:53','2010-11-30 22:47:53'),(73,7,61,'2010-11-30 22:47:53','2010-11-30 22:47:53'),(74,8,61,'2010-11-30 22:47:53','2010-11-30 22:47:53'),(75,9,61,'2010-11-30 22:47:53','2010-11-30 22:47:53'),(76,10,61,'2010-11-30 22:47:53','2010-11-30 22:47:53'),(77,11,1,'2010-11-30 22:47:53','2010-11-30 22:47:53'),(78,11,61,'2010-11-30 22:47:53','2010-11-30 22:47:53'),(79,12,12,'2010-11-30 22:47:53','2010-11-30 22:47:53'),(80,13,61,'2010-11-30 22:47:53','2010-11-30 22:47:53'),(81,14,0,'2010-11-30 22:47:53','2010-11-30 22:47:53'),(82,14,61,'2010-11-30 22:47:53','2010-11-30 22:47:53'),(83,15,1,'2010-11-30 22:47:53','2010-11-30 22:47:53'),(84,15,61,'2010-11-30 22:47:53','2010-11-30 22:47:53'),(85,16,19,'2010-11-30 22:47:53','2010-11-30 22:47:53'),(86,16,20,'2010-11-30 22:47:53','2010-11-30 22:47:53'),(87,16,23,'2010-11-30 22:47:53','2010-11-30 22:47:53'),(88,16,24,'2010-11-30 22:47:53','2010-11-30 22:47:53'),(89,16,32,'2010-11-30 22:47:53','2010-11-30 22:47:53'),(90,16,35,'2010-11-30 22:47:53','2010-11-30 22:47:53'),(91,16,36,'2010-11-30 22:47:53','2010-11-30 22:47:53'),(92,16,37,'2010-11-30 22:47:53','2010-11-30 22:47:53'),(93,16,38,'2010-11-30 22:47:53','2010-11-30 22:47:53'),(94,16,45,'2010-11-30 22:47:53','2010-11-30 22:47:53'),(95,16,51,'2010-11-30 22:47:53','2010-11-30 22:47:53'),(96,16,53,'2010-11-30 22:47:53','2010-11-30 22:47:53'),(97,17,1,'2010-11-30 22:47:53','2010-11-30 22:47:53'),(98,17,61,'2010-11-30 22:47:53','2010-11-30 22:47:53'),(99,18,61,'2010-11-30 22:47:53','2010-11-30 22:47:53'),(100,19,30,'2010-11-30 22:47:53','2010-11-30 22:47:53'),(101,20,61,'2010-11-30 22:47:53','2010-11-30 22:47:53'),(102,21,61,'2010-11-30 22:47:53','2010-11-30 22:47:53'),(103,22,61,'2010-11-30 22:47:53','2010-11-30 22:47:53'),(104,23,1,'2010-11-30 22:47:53','2010-11-30 22:47:53'),(105,24,61,'2010-11-30 22:47:53','2010-11-30 22:47:53'),(106,25,19,'2010-11-30 22:47:53','2010-11-30 22:47:53'),(107,25,20,'2010-11-30 22:47:53','2010-11-30 22:47:53'),(108,25,21,'2010-11-30 22:47:53','2010-11-30 22:47:53'),(109,25,23,'2010-11-30 22:47:53','2010-11-30 22:47:53'),(110,25,24,'2010-11-30 22:47:53','2010-11-30 22:47:53'),(111,25,25,'2010-11-30 22:47:53','2010-11-30 22:47:53'),(112,25,36,'2010-11-30 22:47:53','2010-11-30 22:47:53'),(113,25,37,'2010-11-30 22:47:53','2010-11-30 22:47:53'),(114,25,45,'2010-11-30 22:47:53','2010-11-30 22:47:53'),(115,25,46,'2010-11-30 22:47:53','2010-11-30 22:47:53'),(116,26,0,'2010-11-30 22:47:53','2010-11-30 22:47:53'),(117,26,61,'2010-11-30 22:47:53','2010-11-30 22:47:53'),(118,27,0,'2010-11-30 22:47:53','2010-11-30 22:47:53'),(119,28,61,'2010-11-30 22:47:53','2010-11-30 22:47:53'),(120,29,61,'2010-11-30 22:47:53','2010-11-30 22:47:53'),(121,30,0,'2010-11-30 22:47:53','2010-11-30 22:47:53'),(122,31,61,'2010-11-30 22:47:53','2010-11-30 22:47:53'),(123,32,61,'2010-11-30 22:47:53','2010-11-30 22:47:53'),(124,33,1,'2010-11-30 22:47:53','2010-11-30 22:47:53'),(125,33,61,'2010-11-30 22:47:53','2010-11-30 22:47:53'),(126,34,61,'2010-11-30 22:47:53','2010-11-30 22:47:53'),(127,35,61,'2010-11-30 22:47:53','2010-11-30 22:47:53'),(128,36,1,'2010-11-30 22:47:53','2010-11-30 22:47:53'),(129,37,15,'2010-11-30 22:47:53','2010-11-30 22:47:53'),(130,37,49,'2010-11-30 22:47:53','2010-11-30 22:47:53'),(131,38,61,'2010-11-30 22:47:53','2010-11-30 22:47:53'),(132,39,61,'2010-11-30 22:47:53','2010-11-30 22:47:53'),(133,40,61,'2010-11-30 22:47:53','2010-11-30 22:47:53'),(134,41,1,'2010-11-30 22:47:53','2010-11-30 22:47:53'),(135,42,1,'2010-11-30 22:47:53','2010-11-30 22:47:53'),(136,42,61,'2010-11-30 22:47:53','2010-11-30 22:47:53'),(137,43,61,'2010-11-30 22:47:53','2010-11-30 22:47:53'),(138,44,61,'2010-11-30 22:47:53','2010-11-30 22:47:53'),(139,45,1,'2010-11-30 22:47:53','2010-11-30 22:47:53'),(140,45,61,'2010-11-30 22:47:53','2010-11-30 22:47:53'),(141,46,12,'2010-11-30 22:47:53','2010-11-30 22:47:53'),(142,46,29,'2010-11-30 22:47:53','2010-11-30 22:47:53'),(143,46,50,'2010-11-30 22:47:53','2010-11-30 22:47:53'),(144,47,18,'2010-11-30 22:47:53','2010-11-30 22:47:53'),(145,48,0,'2010-11-30 22:47:53','2010-11-30 22:47:53'),(146,49,1,'2010-11-30 22:47:53','2010-11-30 22:47:53'),(147,50,11,'2010-11-30 22:47:53','2010-11-30 22:47:53'),(148,51,1,'2010-11-30 22:47:53','2010-11-30 22:47:53'),(149,51,3,'2010-11-30 22:47:53','2010-11-30 22:47:53'),(150,51,8,'2010-11-30 22:47:53','2010-11-30 22:47:53'),(151,51,13,'2010-11-30 22:47:53','2010-11-30 22:47:53'),(152,51,14,'2010-11-30 22:47:53','2010-11-30 22:47:53'),(153,51,16,'2010-11-30 22:47:53','2010-11-30 22:47:53'),(154,51,19,'2010-11-30 22:47:53','2010-11-30 22:47:53'),(155,51,20,'2010-11-30 22:47:53','2010-11-30 22:47:53'),(156,51,21,'2010-11-30 22:47:53','2010-11-30 22:47:53'),(157,51,23,'2010-11-30 22:47:53','2010-11-30 22:47:53'),(158,51,24,'2010-11-30 22:47:53','2010-11-30 22:47:53'),(159,51,25,'2010-11-30 22:47:53','2010-11-30 22:47:53'),(160,51,26,'2010-11-30 22:47:53','2010-11-30 22:47:53'),(161,51,27,'2010-11-30 22:47:53','2010-11-30 22:47:53'),(162,51,28,'2010-11-30 22:47:53','2010-11-30 22:47:53'),(163,51,29,'2010-11-30 22:47:53','2010-11-30 22:47:53'),(164,51,30,'2010-11-30 22:47:53','2010-11-30 22:47:53'),(165,51,35,'2010-11-30 22:47:53','2010-11-30 22:47:53'),(166,51,36,'2010-11-30 22:47:53','2010-11-30 22:47:53'),(167,51,37,'2010-11-30 22:47:53','2010-11-30 22:47:53'),(168,51,38,'2010-11-30 22:47:53','2010-11-30 22:47:53'),(169,51,39,'2010-11-30 22:47:53','2010-11-30 22:47:53'),(170,51,41,'2010-11-30 22:47:53','2010-11-30 22:47:53'),(171,51,45,'2010-11-30 22:47:53','2010-11-30 22:47:53'),(172,51,46,'2010-11-30 22:47:53','2010-11-30 22:47:53'),(173,51,47,'2010-11-30 22:47:53','2010-11-30 22:47:53'),(174,51,48,'2010-11-30 22:47:53','2010-11-30 22:47:53'),(175,51,49,'2010-11-30 22:47:53','2010-11-30 22:47:53'),(176,51,50,'2010-11-30 22:47:53','2010-11-30 22:47:53'),(177,51,52,'2010-11-30 22:47:53','2010-11-30 22:47:53'),(178,51,53,'2010-11-30 22:47:53','2010-11-30 22:47:53'),(179,51,54,'2010-11-30 22:47:53','2010-11-30 22:47:53'),(180,51,55,'2010-11-30 22:47:53','2010-11-30 22:47:53'),(181,52,61,'2010-11-30 22:47:53','2010-11-30 22:47:53'),(182,53,61,'2010-11-30 22:47:53','2010-11-30 22:47:53'),(183,54,0,'2010-11-30 22:47:53','2010-11-30 22:47:53'),(184,55,61,'2010-11-30 22:47:53','2010-11-30 22:47:53'),(185,56,61,'2010-11-30 22:47:53','2010-11-30 22:47:53'),(186,57,61,'2010-11-30 22:47:53','2010-11-30 22:47:53'),(187,58,61,'2010-11-30 22:47:53','2010-11-30 22:47:53'),(188,59,61,'2010-11-30 22:47:53','2010-11-30 22:47:53'),(189,60,0,'2010-11-30 22:47:53','2010-11-30 22:47:53'),(190,60,1,'2010-11-30 22:47:53','2010-11-30 22:47:53'),(191,60,61,'2010-11-30 22:47:53','2010-11-30 22:47:53'),(192,61,50,'2010-11-30 22:47:53','2010-11-30 22:47:53'),(193,61,61,'2010-11-30 22:47:53','2010-11-30 22:47:53'),(194,62,1,'2010-11-30 22:47:53','2010-11-30 22:47:53'),(195,62,61,'2010-11-30 22:47:53','2010-11-30 22:47:53'),(196,63,1,'2010-11-30 22:47:53','2010-11-30 22:47:53'),(197,63,61,'2010-11-30 22:47:53','2010-11-30 22:47:53'),(198,64,0,'2010-11-30 22:47:53','2010-11-30 22:47:53'),(199,64,61,'2010-11-30 22:47:53','2010-11-30 22:47:53'),(200,65,61,'2010-11-30 22:47:53','2010-11-30 22:47:53'),(201,66,61,'2010-11-30 22:47:53','2010-11-30 22:47:53'),(202,67,19,'2010-11-30 22:47:53','2010-11-30 22:47:53'),(203,67,20,'2010-11-30 22:47:53','2010-11-30 22:47:53'),(204,68,61,'2010-11-30 22:47:53','2010-11-30 22:47:53'),(205,69,0,'2010-11-30 22:47:53','2010-11-30 22:47:53'),(206,69,61,'2010-11-30 22:47:53','2010-11-30 22:47:53'),(207,70,1,'2010-11-30 22:47:53','2010-11-30 22:47:53'),(208,70,61,'2010-11-30 22:47:53','2010-11-30 22:47:53'),(209,71,18,'2010-11-30 22:47:54','2010-11-30 22:47:54'),(210,71,27,'2010-11-30 22:47:54','2010-11-30 22:47:54'),(211,71,28,'2010-11-30 22:47:54','2010-11-30 22:47:54'),(212,71,29,'2010-11-30 22:47:54','2010-11-30 22:47:54'),(213,71,33,'2010-11-30 22:47:54','2010-11-30 22:47:54'),(214,71,35,'2010-11-30 22:47:54','2010-11-30 22:47:54'),(215,71,37,'2010-11-30 22:47:54','2010-11-30 22:47:54'),(216,71,45,'2010-11-30 22:47:54','2010-11-30 22:47:54');
/*!40000 ALTER TABLE `source_targets` ENABLE KEYS */;
UNLOCK TABLES;

--
-- Table structure for table `sources`
--

DROP TABLE IF EXISTS `sources`;
CREATE TABLE `sources` (
  `id` int(11) NOT NULL auto_increment,
  `name` varchar(255) collate utf8_unicode_ci default NULL,
  `website` varchar(255) collate utf8_unicode_ci default NULL,
  `contact_person` varchar(255) collate utf8_unicode_ci default NULL,
  `contact_email` varchar(255) collate utf8_unicode_ci default NULL,
  `contact_phone` varchar(255) collate utf8_unicode_ci default NULL,
  `antibodies_count` int(11) default '0',
  `source_targets_count` int(11) default '0',
  `created_at` datetime default NULL,
  `updated_at` datetime default NULL,
  PRIMARY KEY  (`id`),
  KEY `index_sources_on_name` (`name`),
  KEY `index_sources_on_antibodies_count` (`antibodies_count`)
) ENGINE=InnoDB DEFAULT CHARSET=utf8 COLLATE=utf8_unicode_ci;

--
-- Dumping data for table `sources`
--

LOCK TABLES `sources` WRITE;
/*!40000 ALTER TABLE `sources` DISABLE KEYS */;
INSERT INTO `sources` VALUES (1,'Abcam',NULL,NULL,NULL,NULL,110,44,'2010-11-30 22:47:50','2010-11-30 22:47:50'),(2,'Active Motif',NULL,NULL,NULL,NULL,30,24,'2010-11-30 22:47:50','2010-11-30 22:47:50'),(3,'Alexander Mazo',NULL,NULL,NULL,NULL,0,1,'2010-11-30 22:47:50','2010-11-30 22:47:50'),(4,'Anthony Hyman',NULL,NULL,NULL,NULL,0,1,'2010-11-30 22:47:50','2010-11-30 22:47:50'),(5,'Arno L. Greenleaf',NULL,NULL,NULL,NULL,0,1,'2010-11-30 22:47:50','2010-11-30 22:47:50'),(6,'Arshad Desai',NULL,NULL,NULL,NULL,0,1,'2010-11-30 22:47:50','2010-11-30 22:47:50'),(7,'Ascenion GmbH',NULL,NULL,NULL,NULL,0,1,'2010-11-30 22:47:50','2010-11-30 22:47:50'),(8,'Aves Labs',NULL,NULL,NULL,NULL,0,1,'2010-11-30 22:47:50','2010-11-30 22:47:50'),(9,'Axel Imhof Lab',NULL,NULL,NULL,NULL,0,1,'2010-11-30 22:47:50','2010-11-30 22:47:50'),(10,'Bill Kelly',NULL,NULL,NULL,NULL,0,1,'2010-11-30 22:47:50','2010-11-30 22:47:50'),(11,'Bob Horvitz',NULL,NULL,NULL,NULL,0,2,'2010-11-30 22:47:50','2010-11-30 22:47:50'),(12,'C. Allis',NULL,NULL,NULL,NULL,0,1,'2010-11-30 22:47:50','2010-11-30 22:47:50'),(13,'Cosmo Bio Co., LTD',NULL,NULL,NULL,NULL,0,1,'2010-11-30 22:47:50','2010-11-30 22:47:50'),(14,'Covance',NULL,NULL,NULL,NULL,0,2,'2010-11-30 22:47:50','2010-11-30 22:47:50'),(15,'DSHB',NULL,NULL,NULL,NULL,0,2,'2010-11-30 22:47:50','2010-11-30 22:47:50'),(16,'Diagenode',NULL,NULL,NULL,NULL,17,12,'2010-11-30 22:47:50','2010-11-30 22:47:50'),(17,'Elgin lab',NULL,NULL,NULL,NULL,0,2,'2010-11-30 22:47:50','2010-11-30 22:47:50'),(18,'Elissa Lei',NULL,NULL,NULL,NULL,0,1,'2010-11-30 22:47:50','2010-11-30 22:47:50'),(19,'Epitomics',NULL,NULL,NULL,NULL,2,1,'2010-11-30 22:47:50','2010-11-30 22:47:50'),(20,'Fabio Piano',NULL,NULL,NULL,NULL,0,1,'2010-11-30 22:47:50','2010-11-30 22:47:50'),(21,'Francesca Palladino',NULL,NULL,NULL,NULL,0,1,'2010-11-30 22:47:50','2010-11-30 22:47:50'),(22,'Fyodorov',NULL,NULL,NULL,NULL,0,1,'2010-11-30 22:47:50','2010-11-30 22:47:50'),(23,'G. Cavalli',NULL,NULL,NULL,NULL,0,1,'2010-11-30 22:47:50','2010-11-30 22:47:50'),(24,'H Brock',NULL,NULL,NULL,NULL,0,1,'2010-11-30 22:47:50','2010-11-30 22:47:50'),(25,'Hiroshi Kimura',NULL,NULL,NULL,NULL,12,10,'2010-11-30 22:47:50','2010-11-30 22:47:50'),(26,'Huabing Li',NULL,NULL,NULL,NULL,0,2,'2010-11-30 22:47:50','2010-11-30 22:47:50'),(27,'I.F. Zhimulev/H. Saumweber',NULL,NULL,NULL,NULL,0,1,'2010-11-30 22:47:50','2010-11-30 22:47:50'),(28,'Invitrogen',NULL,NULL,NULL,NULL,0,1,'2010-11-30 22:47:50','2010-11-30 22:47:50'),(29,'J Tamkun',NULL,NULL,NULL,NULL,0,1,'2010-11-30 22:47:50','2010-11-30 22:47:50'),(30,'J. Lis',NULL,NULL,NULL,NULL,0,1,'2010-11-30 22:47:50','2010-11-30 22:47:50'),(31,'J. Muller',NULL,NULL,NULL,NULL,0,1,'2010-11-30 22:47:50','2010-11-30 22:47:50'),(32,'Jan Larsson Lab',NULL,NULL,NULL,NULL,0,1,'2010-11-30 22:47:50','2010-11-30 22:47:50'),(33,'Jason Lieb Lab',NULL,NULL,NULL,NULL,0,2,'2010-11-30 22:47:50','2010-11-30 22:47:50'),(34,'Jerry Workman Lab',NULL,NULL,NULL,NULL,0,1,'2010-11-30 22:47:50','2010-11-30 22:47:50'),(35,'Jianhong Wu, Ph.D',NULL,NULL,NULL,NULL,0,1,'2010-11-30 22:47:50','2010-11-30 22:47:50'),(36,'Jim Kadonaga',NULL,NULL,NULL,NULL,0,1,'2010-11-30 22:47:50','2010-11-30 22:47:50'),(37,'Joel Eissenberg',NULL,NULL,NULL,NULL,0,2,'2010-11-30 22:47:50','2010-11-30 22:47:50'),(38,'Julie Ahringer',NULL,NULL,NULL,NULL,0,1,'2010-11-30 22:47:50','2010-11-30 22:47:50'),(39,'Kadonaga lab',NULL,NULL,NULL,NULL,0,1,'2010-11-30 22:47:50','2010-11-30 22:47:50'),(40,'Kami Ahmad',NULL,NULL,NULL,NULL,0,1,'2010-11-30 22:47:50','2010-11-30 22:47:50'),(41,'Kang\'s Lab',NULL,NULL,NULL,NULL,0,1,'2010-11-30 22:47:50','2010-11-30 22:47:50'),(42,'Katherine L. Wilson',NULL,NULL,NULL,NULL,0,2,'2010-11-30 22:47:50','2010-11-30 22:47:50'),(43,'Katsuhito Ohno',NULL,NULL,NULL,NULL,0,1,'2010-11-30 22:47:50','2010-11-30 22:47:50'),(44,'Keith Yamamoto',NULL,NULL,NULL,NULL,0,1,'2010-11-30 22:47:50','2010-11-30 22:47:50'),(45,'Kirsten Hagstrom',NULL,NULL,NULL,NULL,0,2,'2010-11-30 22:47:50','2010-11-30 22:47:50'),(46,'LP Bio',NULL,NULL,NULL,NULL,3,3,'2010-11-30 22:47:50','2010-11-30 22:47:50'),(47,'Lake Placid',NULL,NULL,NULL,NULL,1,1,'2010-11-30 22:47:50','2010-11-30 22:47:50'),(48,'Marek Bartkuhn',NULL,NULL,NULL,NULL,0,1,'2010-11-30 22:47:50','2010-11-30 22:47:50'),(49,'Masamitsu Yamaguchi Lab',NULL,NULL,NULL,NULL,0,1,'2010-11-30 22:47:50','2010-11-30 22:47:50'),(50,'Medimabs',NULL,NULL,NULL,NULL,0,1,'2010-11-30 22:47:50','2010-11-30 22:47:50'),(51,'Millipore',NULL,NULL,NULL,NULL,59,33,'2010-11-30 22:47:50','2010-11-30 22:47:50'),(52,'Monika Jedrusik',NULL,NULL,NULL,NULL,0,1,'2010-11-30 22:47:50','2010-11-30 22:47:50'),(53,'Nicholas Dyson',NULL,NULL,NULL,NULL,0,1,'2010-11-30 22:47:50','2010-11-30 22:47:50'),(54,'Paul Schedl',NULL,NULL,NULL,NULL,0,1,'2010-11-30 22:47:50','2010-11-30 22:47:50'),(55,'Pile lab',NULL,NULL,NULL,NULL,0,1,'2010-11-30 22:47:50','2010-11-30 22:47:50'),(56,'Rainer Dorn',NULL,NULL,NULL,NULL,0,1,'2010-11-30 22:47:50','2010-11-30 22:47:50'),(57,'Renato Paro',NULL,NULL,NULL,NULL,0,1,'2010-11-30 22:47:50','2010-11-30 22:47:50'),(58,'Rene Ketting',NULL,NULL,NULL,NULL,0,1,'2010-11-30 22:47:50','2010-11-30 22:47:50'),(59,'Reuter Lab',NULL,NULL,NULL,NULL,0,1,'2010-11-30 22:47:50','2010-11-30 22:47:50'),(60,'SDI',NULL,NULL,NULL,NULL,0,3,'2010-11-30 22:47:50','2010-11-30 22:47:50'),(61,'Santa Cruz Biotech',NULL,NULL,NULL,NULL,1,2,'2010-11-30 22:47:50','2010-11-30 22:47:50'),(62,'Sarah Elgin Lab',NULL,NULL,NULL,NULL,0,2,'2010-11-30 22:47:50','2010-11-30 22:47:50'),(63,'Sigma',NULL,NULL,NULL,NULL,0,2,'2010-11-30 22:47:50','2010-11-30 22:47:50'),(64,'Siomi Lab',NULL,NULL,NULL,NULL,0,2,'2010-11-30 22:47:50','2010-11-30 22:47:50'),(65,'Steve Henikoff Lab',NULL,NULL,NULL,NULL,0,1,'2010-11-30 22:47:50','2010-11-30 22:47:50'),(66,'Susan Strome',NULL,NULL,NULL,NULL,0,1,'2010-11-30 22:47:50','2010-11-30 22:47:50'),(67,'Thomas Jenuwein',NULL,NULL,NULL,NULL,4,2,'2010-11-30 22:47:50','2010-11-30 22:47:50'),(68,'Travers Lab',NULL,NULL,NULL,NULL,0,1,'2010-11-30 22:47:50','2010-11-30 22:47:50'),(69,'Victor Corces',NULL,NULL,NULL,NULL,0,2,'2010-11-30 22:47:50','2010-11-30 22:47:50'),(70,'Vincenzo Pirrotta Lab',NULL,NULL,NULL,NULL,0,2,'2010-11-30 22:47:50','2010-11-30 22:47:50'),(71,'Wako',NULL,NULL,NULL,NULL,8,8,'2010-11-30 22:47:50','2010-11-30 22:47:50');
/*!40000 ALTER TABLE `sources` ENABLE KEYS */;
UNLOCK TABLES;

--
-- Table structure for table `species`
--

DROP TABLE IF EXISTS `species`;
CREATE TABLE `species` (
  `id` int(11) NOT NULL auto_increment,
  `name` varchar(255) collate utf8_unicode_ci default NULL,
  `scientific_name` varchar(255) collate utf8_unicode_ci default NULL,
  `targets_count` int(11) default '0',
  `antibodies_count` int(11) default '0',
  `created_at` datetime default NULL,
  `updated_at` datetime default NULL,
  PRIMARY KEY  (`id`),
  KEY `index_species_on_name` (`name`),
  KEY `index_species_on_scientific_name` (`scientific_name`)
) ENGINE=InnoDB DEFAULT CHARSET=utf8 COLLATE=utf8_unicode_ci;

--
-- Dumping data for table `species`
--

LOCK TABLES `species` WRITE;
/*!40000 ALTER TABLE `species` DISABLE KEYS */;
INSERT INTO `species` VALUES (1,'multiple','multiple species',61,0,'2010-11-30 22:47:31','2010-11-30 22:47:31'),(6329,'worm','Caenorhabditis elegans',0,0,'2010-11-30 22:47:31','2010-11-30 22:47:31'),(7227,'fruit fly','Drosophila melanogaster',0,0,'2010-11-30 22:47:31','2010-11-30 22:47:31'),(9031,'chicken','Gallus gallus',0,0,'2010-11-30 22:47:31','2010-11-30 22:47:31'),(9606,'human','Homo sapiens',0,0,'2010-11-30 22:47:31','2010-11-30 22:47:31'),(9925,'goat','Capra hircus',0,0,'2010-11-30 22:47:31','2010-11-30 22:47:31'),(9986,'rabbit','Oryctolagus cuniculus',0,0,'2010-11-30 22:47:31','2010-11-30 22:47:31'),(10090,'mouse','Mus musculus',0,0,'2010-11-30 22:47:31','2010-11-30 22:47:31'),(10116,'rat','Rattus norvegicus',0,0,'2010-11-30 22:47:31','2010-11-30 22:47:31'),(10141,'guinea pig','Cavia porcellus',0,0,'2010-11-30 22:47:31','2010-11-30 22:47:31');
/*!40000 ALTER TABLE `species` ENABLE KEYS */;
UNLOCK TABLES;

--
-- Table structure for table `targets`
--

DROP TABLE IF EXISTS `targets`;
CREATE TABLE `targets` (
  `id` int(11) NOT NULL auto_increment,
  `name` varchar(255) collate utf8_unicode_ci default NULL,
  `species_id` int(11) default NULL,
  `antibodies_count` int(11) default '0',
  `validations_count` int(11) default '0',
  `project_targets_count` int(11) default '0',
  `source_targets_count` int(11) default '0',
  `created_at` datetime default NULL,
  `updated_at` datetime default NULL,
  PRIMARY KEY  (`id`),
  KEY `index_targets_on_species_id` (`species_id`),
  KEY `index_targets_on_name` (`name`)
) ENGINE=InnoDB DEFAULT CHARSET=utf8 COLLATE=utf8_unicode_ci;

--
-- Dumping data for table `targets`
--

LOCK TABLES `targets` WRITE;
/*!40000 ALTER TABLE `targets` DISABLE KEYS */;
INSERT INTO `targets` VALUES (1,'CitH3',1,1,1,1,17,'2010-11-30 22:47:34','2010-11-30 22:47:34'),(2,'H2AK5ac',1,3,7,1,1,'2010-11-30 22:47:34','2010-11-30 22:47:34'),(3,'H2AK7ac',1,1,1,1,1,'2010-11-30 22:47:34','2010-11-30 22:47:34'),(4,'H2AS129ph',1,1,3,1,1,'2010-11-30 22:47:34','2010-11-30 22:47:34'),(5,'H2B',1,1,2,1,1,'2010-11-30 22:47:34','2010-11-30 22:47:34'),(6,'H2BK120ac',1,1,3,1,1,'2010-11-30 22:47:34','2010-11-30 22:47:34'),(7,'H2BK15ac',1,1,3,1,1,'2010-11-30 22:47:34','2010-11-30 22:47:34'),(8,'H2BK16ac',1,1,1,1,1,'2010-11-30 22:47:34','2010-11-30 22:47:34'),(9,'H2BK5ac',1,4,9,1,2,'2010-11-30 22:47:34','2010-11-30 22:47:34'),(10,'H2BK5me1',1,1,3,1,1,'2010-11-30 22:47:34','2010-11-30 22:47:34'),(11,'H2Bac',1,1,1,1,2,'2010-11-30 22:47:34','2010-11-30 22:47:34'),(12,'H3',1,4,7,1,4,'2010-11-30 22:47:34','2010-11-30 22:47:34'),(13,'H3K14ac',1,3,7,1,2,'2010-11-30 22:47:34','2010-11-30 22:47:34'),(14,'H3K14acS10ph',1,1,2,1,1,'2010-11-30 22:47:34','2010-11-30 22:47:34'),(15,'H3K18ac',1,3,10,1,2,'2010-11-30 22:47:34','2010-11-30 22:47:34'),(16,'H3K23ac',1,1,5,1,1,'2010-11-30 22:47:34','2010-11-30 22:47:34'),(17,'H3K23me2',1,1,3,1,1,'2010-11-30 22:47:34','2010-11-30 22:47:34'),(18,'H3K27ac',1,9,20,1,4,'2010-11-30 22:47:34','2010-11-30 22:47:34'),(19,'H3K27me1',1,8,16,1,4,'2010-11-30 22:47:34','2010-11-30 22:47:34'),(20,'H3K27me2',1,8,15,1,5,'2010-11-30 22:47:34','2010-11-30 22:47:34'),(21,'H3K27me3',1,11,23,1,4,'2010-11-30 22:47:34','2010-11-30 22:47:34'),(22,'H3K36ac',1,1,2,1,1,'2010-11-30 22:47:34','2010-11-30 22:47:34'),(23,'H3K36me1',1,6,14,1,4,'2010-11-30 22:47:34','2010-11-30 22:47:34'),(24,'H3K36me2',1,6,15,1,4,'2010-11-30 22:47:34','2010-11-30 22:47:34'),(25,'H3K36me3',1,8,22,1,3,'2010-11-30 22:47:34','2010-11-30 22:47:34'),(26,'H3K4ac',1,1,3,1,1,'2010-11-30 22:47:34','2010-11-30 22:47:34'),(27,'H3K4me1',1,8,22,1,4,'2010-11-30 22:47:34','2010-11-30 22:47:34'),(28,'H3K4me2',1,8,20,1,3,'2010-11-30 22:47:34','2010-11-30 22:47:34'),(29,'H3K4me3',1,10,25,1,5,'2010-11-30 22:47:34','2010-11-30 22:47:34'),(30,'H3K56ac',1,3,7,1,2,'2010-11-30 22:47:34','2010-11-30 22:47:34'),(31,'H3K79me1',1,4,14,1,1,'2010-11-30 22:47:34','2010-11-30 22:47:34'),(32,'H3K79me2',1,9,20,1,3,'2010-11-30 22:47:34','2010-11-30 22:47:34'),(33,'H3K9ac',1,6,15,1,3,'2010-11-30 22:47:34','2010-11-30 22:47:34'),(34,'H3K9acS10ph',1,5,10,1,1,'2010-11-30 22:47:34','2010-11-30 22:47:34'),(35,'H3K9me1',1,9,22,1,4,'2010-11-30 22:47:34','2010-11-30 22:47:34'),(36,'H3K9me2',1,11,25,1,5,'2010-11-30 22:47:34','2010-11-30 22:47:34'),(37,'H3K9me3',1,15,33,1,6,'2010-11-30 22:47:34','2010-11-30 22:47:34'),(38,'H3R17me2a',1,5,10,1,3,'2010-11-30 22:47:34','2010-11-30 22:47:34'),(39,'H3R26me2a',1,1,2,1,1,'2010-11-30 22:47:34','2010-11-30 22:47:34'),(40,'H3R2me1',1,1,3,1,1,'2010-11-30 22:47:34','2010-11-30 22:47:34'),(41,'H3R2me2a',1,3,6,1,1,'2010-11-30 22:47:34','2010-11-30 22:47:34'),(42,'H3R2me2s',1,1,2,1,1,'2010-11-30 22:47:34','2010-11-30 22:47:34'),(43,'H3R8me1',1,1,3,1,1,'2010-11-30 22:47:35','2010-11-30 22:47:35'),(44,'H3R8me2a',1,1,1,1,1,'2010-11-30 22:47:35','2010-11-30 22:47:35'),(45,'H3S10ph',1,8,14,1,5,'2010-11-30 22:47:35','2010-11-30 22:47:35'),(46,'H3S28ph',1,5,7,1,3,'2010-11-30 22:47:35','2010-11-30 22:47:35'),(47,'H3T11ph',1,2,5,1,2,'2010-11-30 22:47:35','2010-11-30 22:47:35'),(48,'H4',1,3,3,1,2,'2010-11-30 22:47:35','2010-11-30 22:47:35'),(49,'H4K12ac',1,3,8,1,4,'2010-11-30 22:47:35','2010-11-30 22:47:35'),(50,'H4K16ac',1,6,10,1,5,'2010-11-30 22:47:35','2010-11-30 22:47:35'),(51,'H4K20me1',1,5,13,1,3,'2010-11-30 22:47:36','2010-11-30 22:47:36'),(52,'H4K20me2',1,2,2,1,1,'2010-11-30 22:47:37','2010-11-30 22:47:37'),(53,'H4K20me3',1,11,21,1,4,'2010-11-30 22:47:37','2010-11-30 22:47:37'),(54,'H4K5ac',1,2,8,1,1,'2010-11-30 22:47:37','2010-11-30 22:47:37'),(55,'H4K8ac',1,4,8,1,2,'2010-11-30 22:47:38','2010-11-30 22:47:38'),(56,'H4K91ac',1,2,4,1,1,'2010-11-30 22:47:38','2010-11-30 22:47:38'),(57,'H4R3me1',1,1,2,1,1,'2010-11-30 22:47:38','2010-11-30 22:47:38'),(58,'H4R3me2',1,2,2,1,2,'2010-11-30 22:47:38','2010-11-30 22:47:38'),(59,'H4R3me2a',1,1,2,1,1,'2010-11-30 22:47:38','2010-11-30 22:47:38'),(60,'H4R3me2s',1,1,2,1,1,'2010-11-30 22:47:38','2010-11-30 22:47:38'),(61,'H4ac4',1,1,3,1,51,'2010-11-30 22:47:38','2010-11-30 22:47:38');
/*!40000 ALTER TABLE `targets` ENABLE KEYS */;
UNLOCK TABLES;

--
-- Table structure for table `users`
--

DROP TABLE IF EXISTS `users`;
CREATE TABLE `users` (
  `id` int(11) NOT NULL auto_increment,
  `email` varchar(255) collate utf8_unicode_ci NOT NULL default '',
  `encrypted_password` varchar(128) collate utf8_unicode_ci NOT NULL default '',
  `password_salt` varchar(255) collate utf8_unicode_ci NOT NULL default '',
  `reset_password_token` varchar(255) collate utf8_unicode_ci default NULL,
  `remember_token` varchar(255) collate utf8_unicode_ci default NULL,
  `remember_created_at` datetime default NULL,
  `sign_in_count` int(11) default '0',
  `current_sign_in_at` datetime default NULL,
  `last_sign_in_at` datetime default NULL,
  `current_sign_in_ip` varchar(255) collate utf8_unicode_ci default NULL,
  `last_sign_in_ip` varchar(255) collate utf8_unicode_ci default NULL,
  `confirmation_token` varchar(255) collate utf8_unicode_ci default NULL,
  `confirmed_at` datetime default NULL,
  `confirmation_sent_at` datetime default NULL,
  `failed_attempts` int(11) default '0',
  `unlock_token` varchar(255) collate utf8_unicode_ci default NULL,
  `locked_at` datetime default NULL,
  `authentication_token` varchar(255) collate utf8_unicode_ci default NULL,
  `created_at` datetime default NULL,
  `updated_at` datetime default NULL,
  PRIMARY KEY  (`id`),
  UNIQUE KEY `index_users_on_email` (`email`),
  UNIQUE KEY `index_users_on_reset_password_token` (`reset_password_token`),
  UNIQUE KEY `index_users_on_confirmation_token` (`confirmation_token`),
  UNIQUE KEY `index_users_on_unlock_token` (`unlock_token`)
) ENGINE=InnoDB DEFAULT CHARSET=utf8 COLLATE=utf8_unicode_ci;

--
-- Dumping data for table `users`
--

LOCK TABLES `users` WRITE;
/*!40000 ALTER TABLE `users` DISABLE KEYS */;
/*!40000 ALTER TABLE `users` ENABLE KEYS */;
UNLOCK TABLES;

--
-- Table structure for table `validations`
--

DROP TABLE IF EXISTS `validations`;
CREATE TABLE `validations` (
  `id` int(11) NOT NULL auto_increment,
  `target_id` int(11) default NULL,
  `antibody_id` int(11) default NULL,
  `validator_id` int(11) default NULL,
  `category` varchar(255) collate utf8_unicode_ci default NULL,
  `species_id` int(11) default NULL,
  `passed` tinyint(1) default NULL,
  `notes` varchar(255) collate utf8_unicode_ci default NULL,
  `conditions` varchar(255) collate utf8_unicode_ci default NULL,
  `image_file_name` varchar(255) collate utf8_unicode_ci default NULL,
  `image_content_type` varchar(255) collate utf8_unicode_ci default NULL,
  `image_file_size` int(11) default NULL,
  `image_updated_at` datetime default NULL,
  `created_at` datetime default NULL,
  `updated_at` datetime default NULL,
  PRIMARY KEY  (`id`),
  KEY `index_validations_on_target_id` (`target_id`),
  KEY `index_validations_on_antibody_id` (`antibody_id`),
  KEY `index_validations_on_validator_id` (`validator_id`),
  KEY `index_validations_on_category` (`category`)
) ENGINE=InnoDB DEFAULT CHARSET=utf8 COLLATE=utf8_unicode_ci;

--
-- Dumping data for table `validations`
--

LOCK TABLES `validations` WRITE;
/*!40000 ALTER TABLE `validations` DISABLE KEYS */;
INSERT INTO `validations` VALUES (1,1,7,3,'Western blot',7227,0,'No histone signal, other bands present','1:250 ON at 4C',NULL,NULL,NULL,NULL,'2010-11-30 22:48:00','2010-11-30 22:48:00'),(2,2,9,5,'Western blot',7227,0,'No histone signal, other bands present','1:2000 ON at 4C',NULL,NULL,NULL,NULL,'2010-11-30 22:48:00','2010-11-30 22:48:00'),(3,2,10,2,'Dot blot',NULL,1,'Specific (100%)','1:2000 ON at 4C',NULL,NULL,NULL,NULL,'2010-11-30 22:48:00','2010-11-30 22:48:00'),(4,2,10,2,'Western blot',9606,0,'Histone + other bands','1:2000 ON at 4C',NULL,NULL,NULL,NULL,'2010-11-30 22:48:00','2010-11-30 22:48:00'),(5,2,10,2,'ChIP-chip/seq',9606,1,'','',NULL,NULL,NULL,NULL,'2010-11-30 22:48:00','2010-11-30 22:48:00'),(6,2,11,2,'Dot blot',NULL,1,'Specific (100%)','1:2000 ON at 4C',NULL,NULL,NULL,NULL,'2010-11-30 22:48:00','2010-11-30 22:48:00'),(7,2,11,2,'Western blot',9606,0,'Histone + other bands','1:2000 ON at 4C',NULL,NULL,NULL,NULL,'2010-11-30 22:48:00','2010-11-30 22:48:00'),(8,2,11,2,'ChIP-chip/seq',9606,1,'','',NULL,NULL,NULL,NULL,'2010-11-30 22:48:00','2010-11-30 22:48:00'),(9,3,12,6,'Western blot',7227,0,'Binds recombinant histone','1:4000 O/N at 4C',NULL,NULL,NULL,NULL,'2010-11-30 22:48:00','2010-11-30 22:48:00'),(10,4,13,2,'Dot blot',NULL,1,'Specific (100%)','1:2000 ON at 4C',NULL,NULL,NULL,NULL,'2010-11-30 22:48:00','2010-11-30 22:48:00'),(11,4,13,2,'Western blot',9606,0,'Single histone band','1:2000 ON at 4C',NULL,NULL,NULL,NULL,'2010-11-30 22:48:00','2010-11-30 22:48:00'),(12,4,13,2,'ChIP-chip/seq',9606,0,'Marketed as ChIP grade','',NULL,NULL,NULL,NULL,'2010-11-30 22:48:00','2010-11-30 22:48:00'),(13,5,14,5,'Western blot',7227,1,'Single histone band','1:4000 ON at 4C',NULL,NULL,NULL,NULL,'2010-11-30 22:48:00','2010-11-30 22:48:00'),(14,5,14,5,'ChIP-chip/seq',7227,0,'Marketed as ChIP grade','',NULL,NULL,NULL,NULL,'2010-11-30 22:48:00','2010-11-30 22:48:00'),(15,11,23,6,'Western blot',7227,0,'Binds recombinant histone','1:400 O/N at 4C',NULL,NULL,NULL,NULL,'2010-11-30 22:48:00','2010-11-30 22:48:00'),(16,6,15,2,'Dot blot',NULL,1,'Specific (100%)','1:2000 ON at 4C',NULL,NULL,NULL,NULL,'2010-11-30 22:48:00','2010-11-30 22:48:00'),(17,6,15,2,'Western blot',9606,0,'Histone + other bands','1:2000 ON at 4C',NULL,NULL,NULL,NULL,'2010-11-30 22:48:00','2010-11-30 22:48:00'),(18,6,15,2,'ChIP-chip/seq',9606,1,'Marketed as ChIP grade','',NULL,NULL,NULL,NULL,'2010-11-30 22:48:00','2010-11-30 22:48:00'),(19,7,16,2,'Dot blot',NULL,1,'Specific (100%)','1:2000 ON at 4C',NULL,NULL,NULL,NULL,'2010-11-30 22:48:00','2010-11-30 22:48:00'),(20,7,16,2,'Western blot',9606,0,'Single histone band','1:2000 ON at 4C',NULL,NULL,NULL,NULL,'2010-11-30 22:48:00','2010-11-30 22:48:00'),(21,7,16,2,'ChIP-chip/seq',9606,1,'','',NULL,NULL,NULL,NULL,'2010-11-30 22:48:00','2010-11-30 22:48:00'),(22,8,17,6,'Western blot',7227,0,'No histone signal, other bands present','1:1000 at RT',NULL,NULL,NULL,NULL,'2010-11-30 22:48:00','2010-11-30 22:48:00'),(23,9,18,5,'Western blot',7227,0,'No signal','1:2000 ON at 4C',NULL,NULL,NULL,NULL,'2010-11-30 22:48:00','2010-11-30 22:48:00'),(24,9,18,5,'ChIP-chip/seq',7227,1,'Marketed as ChIP grade','',NULL,NULL,NULL,NULL,'2010-11-30 22:48:00','2010-11-30 22:48:00'),(25,9,19,2,'Dot blot',NULL,0,'Not Specific (24.3%); Cross-reacting peptides: H3K27ac (75.7%)','1:2000 ON at 4C',NULL,NULL,NULL,NULL,'2010-11-30 22:48:00','2010-11-30 22:48:00'),(26,9,19,2,'Western blot',9606,0,'Single histone band','1:2000 ON at 4C',NULL,NULL,NULL,NULL,'2010-11-30 22:48:00','2010-11-30 22:48:00'),(27,9,20,2,'Dot blot',NULL,0,'Not Specific (0%); Cross-reacting peptides: H3K27ac (100%)','1:2000 ON at 4C',NULL,NULL,NULL,NULL,'2010-11-30 22:48:00','2010-11-30 22:48:00'),(28,9,20,2,'Western blot',9606,0,'No signal','1:2000 ON at 4C',NULL,NULL,NULL,NULL,'2010-11-30 22:48:00','2010-11-30 22:48:00'),(29,9,21,2,'Dot blot',NULL,1,'Specific (100%)','1:2000 ON at 4C',NULL,NULL,NULL,NULL,'2010-11-30 22:48:00','2010-11-30 22:48:00'),(30,9,21,2,'Western blot',9606,0,'Histone + other bands','1:2000 ON at 4C',NULL,NULL,NULL,NULL,'2010-11-30 22:48:00','2010-11-30 22:48:00'),(31,9,21,2,'ChIP-chip/seq',9606,1,'Marketed as ChIP grade','',NULL,NULL,NULL,NULL,'2010-11-30 22:48:00','2010-11-30 22:48:00'),(32,10,22,2,'Dot blot',NULL,1,'Specific (89.6%); Cross-reacting peptides: H3K27me1 (10.4%)','0.5 ug/ml ON at 4C',NULL,NULL,NULL,NULL,'2010-11-30 22:48:00','2010-11-30 22:48:00'),(33,10,22,2,'Western blot',9606,0,'Single histone band','0.5 ug/ml ON at 4C',NULL,NULL,NULL,NULL,'2010-11-30 22:48:00','2010-11-30 22:48:00'),(34,10,22,2,'ChIP-chip/seq',9606,0,'Marketed as ChIP grade','',NULL,NULL,NULL,NULL,'2010-11-30 22:48:00','2010-11-30 22:48:00'),(35,12,25,5,'Western blot',7227,1,'Single histone band','1:4000 ON at 4C',NULL,NULL,NULL,NULL,'2010-11-30 22:48:00','2010-11-30 22:48:00'),(36,12,25,5,'ChIP-chip/seq',7227,0,'Marketed as ChIP grade','',NULL,NULL,NULL,NULL,'2010-11-30 22:48:00','2010-11-30 22:48:00'),(37,12,226,7,'Western blot',6329,1,'Single histone band','1:2500 ON at 4C of 1 mg/ml stock ',NULL,NULL,NULL,NULL,'2010-11-30 22:48:00','2010-11-30 22:48:00'),(38,12,226,7,'ChIP-chip/seq',6329,1,'Marketed as ChIP grade','',NULL,NULL,NULL,NULL,'2010-11-30 22:48:00','2010-11-30 22:48:00'),(39,12,26,6,'Western blot',7227,1,'Single histone band','1:10,000 ON at 4C',NULL,NULL,NULL,NULL,'2010-11-30 22:48:00','2010-11-30 22:48:00'),(40,12,24,8,'Western blot',6329,1,'Single histone band','1:10,000 ON at 4C',NULL,NULL,NULL,NULL,'2010-11-30 22:48:00','2010-11-30 22:48:00'),(41,12,24,8,'ChIP-chip/seq',6329,1,'','',NULL,NULL,NULL,NULL,'2010-11-30 22:48:00','2010-11-30 22:48:00'),(42,13,29,6,'Western blot',7227,1,'Single histone band','1;2000 O/N at 4C',NULL,NULL,NULL,NULL,'2010-11-30 22:48:01','2010-11-30 22:48:01'),(43,13,29,6,'ChIP-chip/seq',7227,0,'Marketed as ChIP grade','',NULL,NULL,NULL,NULL,'2010-11-30 22:48:01','2010-11-30 22:48:01'),(44,13,27,6,'Western blot',7227,1,'Single histone band','1:5000 O/N at 4C',NULL,NULL,NULL,NULL,'2010-11-30 22:48:01','2010-11-30 22:48:01'),(45,13,27,6,'ChIP-chip/seq',7227,0,'Marketed as ChIP grade','',NULL,NULL,NULL,NULL,'2010-11-30 22:48:01','2010-11-30 22:48:01'),(46,13,28,2,'Dot blot',NULL,1,'Specific (92.6%); Cross-reacting peptides: H2AK5ac (5.3%), H3K23ac (2.2%)','1:2000 ON at 4C',NULL,NULL,NULL,NULL,'2010-11-30 22:48:01','2010-11-30 22:48:01'),(47,13,28,2,'Western blot',9606,0,'Histone + other bands','1:2000 ON at 4C',NULL,NULL,NULL,NULL,'2010-11-30 22:48:01','2010-11-30 22:48:01'),(48,13,28,2,'ChIP-chip/seq',9606,1,'Marketed as ChIP grade','',NULL,NULL,NULL,NULL,'2010-11-30 22:48:01','2010-11-30 22:48:01'),(49,14,30,6,'Western blot',7227,1,'Single histone band','1:1000 O/N at 4C',NULL,NULL,NULL,NULL,'2010-11-30 22:48:01','2010-11-30 22:48:01'),(50,14,30,6,'ChIP-chip/seq',7227,0,'Marketed as ChIP grade','',NULL,NULL,NULL,NULL,'2010-11-30 22:48:01','2010-11-30 22:48:01'),(51,15,31,6,'Western blot',7227,1,'Single histone band','1:1000 at RT',NULL,NULL,NULL,NULL,'2010-11-30 22:48:01','2010-11-30 22:48:01'),(52,15,31,6,'ChIP-chip/seq',7227,1,'Marketed as ChIP grade','',NULL,NULL,NULL,NULL,'2010-11-30 22:48:01','2010-11-30 22:48:01'),(53,15,32,2,'Dot blot',NULL,1,'Specific (100%)','0.5 ug/ml ON at 4C',NULL,NULL,NULL,NULL,'2010-11-30 22:48:01','2010-11-30 22:48:01'),(54,15,32,2,'Western blot',9606,1,'Single histone band','0.5 ug/ml ON at 4C',NULL,NULL,NULL,NULL,'2010-11-30 22:48:01','2010-11-30 22:48:01'),(55,15,32,2,'ChIP-chip/seq',9606,1,'Marketed as ChIP grade','',NULL,NULL,NULL,NULL,'2010-11-30 22:48:01','2010-11-30 22:48:01'),(56,15,32,6,'Western blot',7227,1,'Single histone band','1:1000, SNAP id',NULL,NULL,NULL,NULL,'2010-11-30 22:48:01','2010-11-30 22:48:01'),(57,15,32,6,'ChIP-chip/seq',7227,1,'Marketed as ChIP grade','',NULL,NULL,NULL,NULL,'2010-11-30 22:48:01','2010-11-30 22:48:01'),(58,15,33,2,'Dot blot',NULL,1,'Specific (99.5%); Cross-reacting peptides: H4K8ac (0.5%)','0.5 ug/ml ON at 4C',NULL,NULL,NULL,NULL,'2010-11-30 22:48:01','2010-11-30 22:48:01'),(59,15,33,2,'Western blot',9606,0,'Histone + other bands','0.5 ug/ml ON at 4C',NULL,NULL,NULL,NULL,'2010-11-30 22:48:01','2010-11-30 22:48:01'),(60,15,33,2,'ChIP-chip/seq',9606,1,'Marketed as ChIP grade','',NULL,NULL,NULL,NULL,'2010-11-30 22:48:01','2010-11-30 22:48:01'),(61,16,34,2,'Dot blot',NULL,1,'Specific (100%)','1:2000 ON at 4C',NULL,NULL,NULL,NULL,'2010-11-30 22:48:01','2010-11-30 22:48:01'),(62,16,34,2,'Western blot',9606,1,'Histone + other bands','1:2000 ON at 4C',NULL,NULL,NULL,NULL,'2010-11-30 22:48:01','2010-11-30 22:48:01'),(63,16,34,2,'ChIP-chip/seq',9606,1,'Marketed as ChIP grade','',NULL,NULL,NULL,NULL,'2010-11-30 22:48:01','2010-11-30 22:48:01'),(64,16,34,6,'Western blot',7227,1,'Single histone band','1:5000, 1hr at RT',NULL,NULL,NULL,NULL,'2010-11-30 22:48:01','2010-11-30 22:48:01'),(65,16,34,6,'ChIP-chip/seq',7227,1,'Marketed as ChIP grade','',NULL,NULL,NULL,NULL,'2010-11-30 22:48:01','2010-11-30 22:48:01'),(66,17,35,2,'Dot blot',NULL,1,'Specific (86%); Cross-reacting peptides: H3K27ac (11.1%), H3K4me2 (2.9%)','0.5 ug/ml ON at 4C',NULL,NULL,NULL,NULL,'2010-11-30 22:48:01','2010-11-30 22:48:01'),(67,17,35,2,'Western blot',9606,0,'Single histone band','0.5 ug/ml ON at 4C',NULL,NULL,NULL,NULL,'2010-11-30 22:48:01','2010-11-30 22:48:01'),(68,17,35,2,'ChIP-chip/seq',9606,1,'','',NULL,NULL,NULL,NULL,'2010-11-30 22:48:01','2010-11-30 22:48:01'),(69,18,38,2,'Dot blot',NULL,1,'Specific (100%)','0.5 ug/ml ON at 4C',NULL,NULL,NULL,NULL,'2010-11-30 22:48:01','2010-11-30 22:48:01'),(70,18,38,2,'Western blot',9606,0,'Single histone band','0.5 ug/ml ON at 4C',NULL,NULL,NULL,NULL,'2010-11-30 22:48:01','2010-11-30 22:48:01'),(71,18,38,2,'ChIP-chip/seq',9606,1,'Marketed as ChIP grade','',NULL,NULL,NULL,NULL,'2010-11-30 22:48:01','2010-11-30 22:48:01'),(72,18,39,2,'Dot blot',NULL,1,'Specific (100%)','0.5 ug/ml ON at 4C',NULL,NULL,NULL,NULL,'2010-11-30 22:48:01','2010-11-30 22:48:01'),(73,18,39,2,'Western blot',9606,0,'Histone + other bands','0.5 ug/ml ON at 4C',NULL,NULL,NULL,NULL,'2010-11-30 22:48:01','2010-11-30 22:48:01'),(74,18,39,2,'ChIP-chip/seq',9606,1,'Marketed as ChIP grade','',NULL,NULL,NULL,NULL,'2010-11-30 22:48:01','2010-11-30 22:48:01'),(75,18,232,8,'Western blot',6329,1,'Single histone band','1:1000 ON at 4C of 0.17 mg/ml stock',NULL,NULL,NULL,NULL,'2010-11-30 22:48:01','2010-11-30 22:48:01'),(76,18,232,8,'ChIP-chip/seq',6329,1,'Marketed as ChIP grade','',NULL,NULL,NULL,NULL,'2010-11-30 22:48:01','2010-11-30 22:48:01'),(77,18,40,2,'Dot blot',NULL,0,'Not Specific (40%); Cross-reacting peptides: H3K18ac (30%), H3K9ac (20%), H4K5ac (10%)','0.5 ug/ml ON at 4C',NULL,NULL,NULL,NULL,'2010-11-30 22:48:01','2010-11-30 22:48:01'),(78,18,40,2,'Western blot',9606,0,'Single histone band','0.5 ug/ml ON at 4C',NULL,NULL,NULL,NULL,'2010-11-30 22:48:01','2010-11-30 22:48:01'),(79,18,41,2,'Dot blot',NULL,0,'Specific (78.5%); Cross-reacting peptides: H3K9ac (18.8%), H3K56ac (1.3%), H3K18ac (1.2%), H2BK5ac (0.3%)','0.5 ug/ml ON at 4C',NULL,NULL,NULL,NULL,'2010-11-30 22:48:01','2010-11-30 22:48:01'),(80,18,41,2,'Western blot',9606,0,'Single histone band','0.5 ug/ml ON at 4C',NULL,NULL,NULL,NULL,'2010-11-30 22:48:01','2010-11-30 22:48:01'),(81,18,42,2,'Dot blot',NULL,1,'Specific (100%)','0.5 ug/ml ON at 4C',NULL,NULL,NULL,NULL,'2010-11-30 22:48:01','2010-11-30 22:48:01'),(82,18,42,2,'Western blot',9606,0,'Histone + other bands','0.5 ug/ml ON at 4C',NULL,NULL,NULL,NULL,'2010-11-30 22:48:01','2010-11-30 22:48:01'),(83,18,42,2,'ChIP-chip/seq',9606,1,'Marketed as ChIP grade','',NULL,NULL,NULL,NULL,'2010-11-30 22:48:01','2010-11-30 22:48:01'),(84,18,43,10,'Western blot',7227,1,'Histone + other bands','1:500 ON at 4C',NULL,NULL,NULL,NULL,'2010-11-30 22:48:01','2010-11-30 22:48:01'),(85,18,43,10,'ChIP-chip/seq',7227,1,'Marketed as ChIP grade','',NULL,NULL,NULL,NULL,'2010-11-30 22:48:01','2010-11-30 22:48:01'),(86,18,44,7,'Western blot',6329,0,'No signal','1:500 ON at 4C',NULL,NULL,NULL,NULL,'2010-11-30 22:48:01','2010-11-30 22:48:01'),(87,18,220,8,'Western blot',6329,1,'Single histone band','1 ug/ml ON at 4C',NULL,NULL,NULL,NULL,'2010-11-30 22:48:01','2010-11-30 22:48:01'),(88,18,220,8,'ChIP-chip/seq',6329,1,'','',NULL,NULL,NULL,NULL,'2010-11-30 22:48:01','2010-11-30 22:48:01'),(89,19,45,2,'Dot blot',NULL,1,'Specific (100%)','0.5 ug/ml ON at 4C',NULL,NULL,NULL,NULL,'2010-11-30 22:48:01','2010-11-30 22:48:01'),(90,19,45,2,'Western blot',9606,0,' Single histone band','0.5 ug/ml ON at 4C',NULL,NULL,NULL,NULL,'2010-11-30 22:48:01','2010-11-30 22:48:01'),(91,19,45,2,'ChIP-chip/seq',9606,0,'Marketed as ChIP grade','',NULL,NULL,NULL,NULL,'2010-11-30 22:48:01','2010-11-30 22:48:01'),(92,19,46,10,'Dot blot',NULL,1,'Specific (88%); Cross-reacting peptides: H3K27me2 (12%)','1:1000, 1 hour, RT',NULL,NULL,NULL,NULL,'2010-11-30 22:48:01','2010-11-30 22:48:01'),(93,19,197,8,'Dot blot',NULL,1,'Specific (100%)','1:3000 ON at 4C',NULL,NULL,NULL,NULL,'2010-11-30 22:48:01','2010-11-30 22:48:01'),(94,19,197,8,'Western blot',6329,1,'Single histone band','5 ug/ml ON at 4C',NULL,NULL,NULL,NULL,'2010-11-30 22:48:01','2010-11-30 22:48:01'),(95,19,197,8,'ChIP-chip/seq',6329,0,'','',NULL,NULL,NULL,NULL,'2010-11-30 22:48:01','2010-11-30 22:48:01'),(96,19,47,2,'Dot blot',NULL,0,'Not Specific (34%); Cross-reacting peptides: H3K27me3 (28.2%), H3K27me2 (16.6%), H1.2 (10.4%), H4K20me1 (7.2%), H3K9me1 (3.6%)','0.5 ug/ml ON at 4C',NULL,NULL,NULL,NULL,'2010-11-30 22:48:01','2010-11-30 22:48:01'),(97,19,47,2,'Western blot',9606,0,'Histone + other bands','0.5 ug/ml ON at 4C',NULL,NULL,NULL,NULL,'2010-11-30 22:48:01','2010-11-30 22:48:01'),(98,19,49,10,'Dot blot',NULL,0,'Specific (13%); Cross-reacting peptides: H3K27me2 (13%)','1:5000, 1 hour, RT',NULL,NULL,NULL,NULL,'2010-11-30 22:48:01','2010-11-30 22:48:01'),(99,19,208,8,'ChIP-chip/seq',6329,1,'','',NULL,NULL,NULL,NULL,'2010-11-30 22:48:01','2010-11-30 22:48:01'),(100,19,213,8,'Western blot',6329,0,'No signal','5 ug/ml ON at 4C',NULL,NULL,NULL,NULL,'2010-11-30 22:48:01','2010-11-30 22:48:01'),(101,19,213,8,'ChIP-chip/seq',6329,1,'','',NULL,NULL,NULL,NULL,'2010-11-30 22:48:01','2010-11-30 22:48:01'),(102,19,48,2,'Dot blot',NULL,1,'Specific (96%); Cross-reacting peptides: H4K20me1 (4%)','0.5 ug/ml ON at 4C',NULL,NULL,NULL,NULL,'2010-11-30 22:48:01','2010-11-30 22:48:01'),(103,19,48,2,'Western blot',9606,0,'Histone + other bands','0.5 ug/ml ON at 4C',NULL,NULL,NULL,NULL,'2010-11-30 22:48:01','2010-11-30 22:48:01'),(104,19,48,2,'ChIP-chip/seq',9606,0,'','',NULL,NULL,NULL,NULL,'2010-11-30 22:48:01','2010-11-30 22:48:01'),(105,20,50,10,'Western blot',7227,1,'Single histone band','1:4000 ON at 4C',NULL,NULL,NULL,NULL,'2010-11-30 22:48:01','2010-11-30 22:48:01'),(106,20,50,10,'ChIP-chip/seq',7227,0,'Marketed as ChIP grade','',NULL,NULL,NULL,NULL,'2010-11-30 22:48:01','2010-11-30 22:48:01'),(107,20,228,7,'Western blot',6329,1,'Single histone band','2 ug/ml ON at 4C',NULL,NULL,NULL,NULL,'2010-11-30 22:48:01','2010-11-30 22:48:01'),(108,20,228,7,'ChIP-chip/seq',6329,0,'Marketed as ChIP grade','',NULL,NULL,NULL,NULL,'2010-11-30 22:48:01','2010-11-30 22:48:01'),(109,20,51,2,'Dot blot',NULL,0,'Not Specific (36.5%); Cross-reacting peptides: H3K27me1 (42.2%), H3K27me3 (14.3%), H1.2 (6.6%), H3K9me2 (0.2%), H3K9me1 (0.1%), H3K9ac (0.1%)','0.5 ug/ml ON at 4C',NULL,NULL,NULL,NULL,'2010-11-30 22:48:01','2010-11-30 22:48:01'),(110,20,51,2,'Western blot',9606,0,'Histone + other bands','0.5 ug/ml ON at 4C',NULL,NULL,NULL,NULL,'2010-11-30 22:48:01','2010-11-30 22:48:01'),(111,20,52,2,'Dot blot',NULL,0,'Not Specific (38.6%); Cross-reacting peptides: H3R17me2a (61.4%)','0.5 ug/ml ON at 4C',NULL,NULL,NULL,NULL,'2010-11-30 22:48:01','2010-11-30 22:48:01'),(112,20,52,2,'Western blot',9606,0,'Single histone band','0.5 ug/ml ON at 4C',NULL,NULL,NULL,NULL,'2010-11-30 22:48:01','2010-11-30 22:48:01'),(113,20,201,8,'Dot blot',NULL,0,'No signal','1:3000 ON at 4C',NULL,NULL,NULL,NULL,'2010-11-30 22:48:01','2010-11-30 22:48:01'),(114,20,201,8,'Western blot',6329,0,'Binds recombinant histone','0.5 ug/ml',NULL,NULL,NULL,NULL,'2010-11-30 22:48:01','2010-11-30 22:48:01'),(115,20,53,2,'Dot blot',NULL,1,'Specific (92%); Cross-reacting peptides: H3K4me3 (4.3%), H3K27me3 (3.7%)','0.5 ug/ml ON at 4C',NULL,NULL,NULL,NULL,'2010-11-30 22:48:01','2010-11-30 22:48:01'),(116,20,53,2,'Western blot',9606,0,'Histone + other bands','0.5 ug/ml ON at 4C',NULL,NULL,NULL,NULL,'2010-11-30 22:48:01','2010-11-30 22:48:01'),(117,20,53,2,'ChIP-chip/seq',9606,1,'','',NULL,NULL,NULL,NULL,'2010-11-30 22:48:01','2010-11-30 22:48:01'),(118,20,54,10,'Dot blot',NULL,1,'Specific (90%); Cross-reacting peptides: H3K27me1 (10%), H3K27me3 (10%)','1:5000, 1 hour, RT',NULL,NULL,NULL,NULL,'2010-11-30 22:48:01','2010-11-30 22:48:01'),(119,20,209,8,'ChIP-chip/seq',6329,0,'','',NULL,NULL,NULL,NULL,'2010-11-30 22:48:01','2010-11-30 22:48:01'),(120,21,1,1,'Dot blot',NULL,0,'No signal','1:3000 ON at 4C',NULL,NULL,NULL,NULL,'2010-11-30 22:48:01','2010-11-30 22:48:01'),(121,21,1,1,'ChIP-chip/seq',6329,1,'Marketed as ChIP grade','',NULL,NULL,NULL,NULL,'2010-11-30 22:48:01','2010-11-30 22:48:01'),(122,21,234,7,'Western blot',6329,0,'Histone + other bands','2 ug/ml ON at 4C',NULL,NULL,NULL,NULL,'2010-11-30 22:48:01','2010-11-30 22:48:01'),(123,21,36,10,'Western blot',7227,0,'No signal','1:1000 1hr at RT',NULL,NULL,NULL,NULL,'2010-11-30 22:48:01','2010-11-30 22:48:01'),(124,21,36,10,'ChIP-chip/seq',7227,0,'Marketed as ChIP grade','',NULL,NULL,NULL,NULL,'2010-11-30 22:48:01','2010-11-30 22:48:01'),(125,21,37,10,'Western blot',7227,0,'No signal','1:1000 1hr at RT',NULL,NULL,NULL,NULL,'2010-11-30 22:48:01','2010-11-30 22:48:01'),(126,21,37,10,'ChIP-chip/seq',7227,1,'Marketed as ChIP grade','',NULL,NULL,NULL,NULL,'2010-11-30 22:48:01','2010-11-30 22:48:01'),(127,21,2,7,'Western blot',6329,0,'No signal','3 ug/ml ON at 4C',NULL,NULL,NULL,NULL,'2010-11-30 22:48:01','2010-11-30 22:48:01'),(128,21,55,2,'Dot blot',NULL,1,'Specific (100%)','0.5 ug/ml ON at 4C',NULL,NULL,NULL,NULL,'2010-11-30 22:48:01','2010-11-30 22:48:01'),(129,21,55,2,'Western blot',9606,0,'Histone + other bands','0.5 ug/ml ON at 4C',NULL,NULL,NULL,NULL,'2010-11-30 22:48:01','2010-11-30 22:48:01'),(130,21,55,2,'ChIP-chip/seq',9606,1,'Marketed as ChIP grade','',NULL,NULL,NULL,NULL,'2010-11-30 22:48:01','2010-11-30 22:48:01'),(131,21,200,8,'Dot blot',NULL,0,'Specific (80%); Cross-reacting peptides: H3K27me2 (<10%), H3K36me1 (<10%)','1:3000 ON at 4C',NULL,NULL,NULL,NULL,'2010-11-30 22:48:01','2010-11-30 22:48:01'),(132,21,200,8,'Western blot',6329,1,'Single histone band','0.5 ug/ml ON at 4C',NULL,NULL,NULL,NULL,'2010-11-30 22:48:01','2010-11-30 22:48:01'),(133,21,200,8,'ChIP-chip/seq',6329,1,'','',NULL,NULL,NULL,NULL,'2010-11-30 22:48:01','2010-11-30 22:48:01'),(134,21,56,8,'Western blot',6329,1,'Single histone band','1:1000 ON at 4C',NULL,NULL,NULL,NULL,'2010-11-30 22:48:01','2010-11-30 22:48:01'),(135,21,56,8,'ChIP-chip/seq',6329,1,'Marketed as ChIP grade','',NULL,NULL,NULL,NULL,'2010-11-30 22:48:01','2010-11-30 22:48:01'),(136,21,58,2,'Dot blot',NULL,1,'Specific (100%)','0.5 ug/ml ON at 4C',NULL,NULL,NULL,NULL,'2010-11-30 22:48:01','2010-11-30 22:48:01'),(137,21,58,2,'Western blot',9606,0,'Histone + other bands','0.5 ug/ml ON at 4C',NULL,NULL,NULL,NULL,'2010-11-30 22:48:01','2010-11-30 22:48:01'),(138,21,58,2,'ChIP-chip/seq',9606,1,'','',NULL,NULL,NULL,NULL,'2010-11-30 22:48:01','2010-11-30 22:48:01'),(139,21,214,7,'Western blot',6329,1,'Single histone band','5 ug/ml ON at 4C',NULL,NULL,NULL,NULL,'2010-11-30 22:48:01','2010-11-30 22:48:01'),(140,21,214,7,'ChIP-chip/seq',6329,1,'','',NULL,NULL,NULL,NULL,'2010-11-30 22:48:01','2010-11-30 22:48:01'),(141,21,57,2,'Dot blot',NULL,1,'Specific (100%)','0.5 ug/ml ON at 4C',NULL,NULL,NULL,NULL,'2010-11-30 22:48:01','2010-11-30 22:48:01'),(142,21,57,2,'Western blot',9606,0,'Histone + other bands','0.5 ug/ml ON at 4C',NULL,NULL,NULL,NULL,'2010-11-30 22:48:01','2010-11-30 22:48:01'),(143,22,5,8,'Western blot',6329,0,'Histone + other bands','1:500 ON at 4C',NULL,NULL,NULL,NULL,'2010-11-30 22:48:01','2010-11-30 22:48:01'),(144,22,5,8,'ChIP-chip/seq',6329,1,'Marketed as ChIP grade','',NULL,NULL,NULL,NULL,'2010-11-30 22:48:01','2010-11-30 22:48:01'),(145,23,59,5,'Dot blot',NULL,1,'Specific (100%)','1:1000 1hr at RT',NULL,NULL,NULL,NULL,'2010-11-30 22:48:01','2010-11-30 22:48:01'),(146,23,59,5,'Western blot',7227,0,'Binds recombinant histone','1:1000 ON at 4C',NULL,NULL,NULL,NULL,'2010-11-30 22:48:01','2010-11-30 22:48:01'),(147,23,59,5,'ChIP-chip/seq',7227,1,'Marketed as ChIP grade','',NULL,NULL,NULL,NULL,'2010-11-30 22:48:01','2010-11-30 22:48:01'),(148,23,242,8,'Western blot',6329,1,'Single histone band','1:800 ON at 4C of 0.5 mg/ml stock',NULL,NULL,NULL,NULL,'2010-11-30 22:48:01','2010-11-30 22:48:01'),(149,23,242,8,'ChIP-chip/seq',6329,1,'Marketed as ChIP grade','',NULL,NULL,NULL,NULL,'2010-11-30 22:48:01','2010-11-30 22:48:01'),(150,23,60,2,'Dot blot',NULL,0,'Specific (76.2%); Cross-reacting peptides: H3K36me2 (22.8%), H3K36me3 (0.9%)','0.5 ug/ml ON at 4C',NULL,NULL,NULL,NULL,'2010-11-30 22:48:01','2010-11-30 22:48:01'),(151,23,60,2,'Western blot',9606,0,'Histone + other bands','0.5 ug/ml ON at 4C',NULL,NULL,NULL,NULL,'2010-11-30 22:48:01','2010-11-30 22:48:01'),(152,23,61,2,'Dot blot',NULL,0,'Not Specific (53.1%); Cross-reacting peptides: H3K36me2 (31.3%), H3R17me2s (8.2%), H3K36me3 (7.3%)','0.5 ug/ml ON at 4C',NULL,NULL,NULL,NULL,'2010-11-30 22:48:01','2010-11-30 22:48:01'),(153,23,61,2,'Western blot',9606,0,'Single histone band','0.5 ug/ml ON at 4C',NULL,NULL,NULL,NULL,'2010-11-30 22:48:01','2010-11-30 22:48:01'),(154,23,202,8,'Dot blot',NULL,1,'Specific (90%); Cross-reacting peptides: H3K36me2 (<10%)','1:3000 ON at 4C',NULL,NULL,NULL,NULL,'2010-11-30 22:48:01','2010-11-30 22:48:01'),(155,23,202,8,'Western blot',6329,1,'Single histone band','3 ug/ml ON at 4C',NULL,NULL,NULL,NULL,'2010-11-30 22:48:01','2010-11-30 22:48:01'),(156,23,202,8,'ChIP-chip/seq',6329,0,'','',NULL,NULL,NULL,NULL,'2010-11-30 22:48:01','2010-11-30 22:48:01'),(157,23,62,2,'Dot blot',NULL,1,'Specific (100%)','1:2000 ON at 4C',NULL,NULL,NULL,NULL,'2010-11-30 22:48:01','2010-11-30 22:48:01'),(158,23,62,2,'Western blot',9606,0,'Histone + other bands','1:2000 ON at 4C',NULL,NULL,NULL,NULL,'2010-11-30 22:48:01','2010-11-30 22:48:01'),(159,24,243,7,'Western blot',6329,1,'Single histone band','1 ug/ml ON at 4C',NULL,NULL,NULL,NULL,'2010-11-30 22:48:01','2010-11-30 22:48:01'),(160,24,243,7,'ChIP-chip/seq',6329,1,'Marketed as ChIP grade','',NULL,NULL,NULL,NULL,'2010-11-30 22:48:01','2010-11-30 22:48:01'),(161,24,63,2,'Dot blot',NULL,0,'Not Specific (61.7%); Cross-reacting peptides: H3K36me3 (33.5%), H3R17me2a (2.2%), H3K36me1 (2.1%), H3K18ac (0.4%), H3K4me2 (0.1%)','1:2000 ON at 4C',NULL,NULL,NULL,NULL,'2010-11-30 22:48:01','2010-11-30 22:48:01'),(162,24,63,2,'Western blot',9606,0,'Histone + other bands','1:2000 ON at 4C',NULL,NULL,NULL,NULL,'2010-11-30 22:48:01','2010-11-30 22:48:01'),(163,24,199,8,'Dot blot',NULL,1,'Specific (99%); Cross-reacting peptides: <1% cross-reactivity','1:5000 ON at 4C',NULL,NULL,NULL,NULL,'2010-11-30 22:48:01','2010-11-30 22:48:01'),(164,24,199,8,'Western blot',6329,1,'Single histone band','3 ug/ml ON at 4C',NULL,NULL,NULL,NULL,'2010-11-30 22:48:01','2010-11-30 22:48:01'),(165,24,199,8,'ChIP-chip/seq',6329,1,'','',NULL,NULL,NULL,NULL,'2010-11-30 22:48:01','2010-11-30 22:48:01'),(166,24,64,5,'Dot blot',NULL,1,'Specific (100%)','1:1000 1hr at RT',NULL,NULL,NULL,NULL,'2010-11-30 22:48:01','2010-11-30 22:48:01'),(167,24,64,5,'Western blot',7227,0,'No histone signal, other bands present','1:1000 ON at 4C',NULL,NULL,NULL,NULL,'2010-11-30 22:48:01','2010-11-30 22:48:01'),(168,24,64,5,'ChIP-chip/seq',7227,0,'','',NULL,NULL,NULL,NULL,'2010-11-30 22:48:01','2010-11-30 22:48:01'),(169,24,65,2,'Dot blot',NULL,0,'No signal','1:100 ON at 4C',NULL,NULL,NULL,NULL,'2010-11-30 22:48:01','2010-11-30 22:48:01'),(170,24,65,2,'Western blot',9606,0,'Histone + other bands','1:100 ON at 4C',NULL,NULL,NULL,NULL,'2010-11-30 22:48:01','2010-11-30 22:48:01'),(171,24,66,2,'Dot blot',NULL,1,'Specific (100%)','1:2000 ON at 4C',NULL,NULL,NULL,NULL,'2010-11-30 22:48:01','2010-11-30 22:48:01'),(172,24,66,2,'Western blot',9606,0,'Histone + other bands','1:2000 ON at 4C',NULL,NULL,NULL,NULL,'2010-11-30 22:48:01','2010-11-30 22:48:01'),(173,24,66,2,'ChIP-chip/seq',9606,0,'Marketed as ChIP grade','',NULL,NULL,NULL,NULL,'2010-11-30 22:48:01','2010-11-30 22:48:01'),(174,25,67,6,'Dot blot',NULL,1,'Specific (100%); Cross-reacting peptides: Specific (100%)','1:1000 1hr at RT',NULL,NULL,NULL,NULL,'2010-11-30 22:48:01','2010-11-30 22:48:01'),(175,25,67,6,'Western blot',7227,1,'Histone + other bands','1:2000 ON at 4C',NULL,NULL,NULL,NULL,'2010-11-30 22:48:01','2010-11-30 22:48:01'),(176,25,67,6,'ChIP-chip/seq',7227,1,'Marketed as ChIP grade','',NULL,NULL,NULL,NULL,'2010-11-30 22:48:01','2010-11-30 22:48:01'),(177,25,244,8,'Dot blot',NULL,0,'Not specific (45%); Cross-reacting peptides: H3K36me2 (10-25%), H3K9me3 (<10%), H3K36me1 (<10%), H3K27me3S28ph (<10%)','1:5000 ON at 4C',NULL,NULL,NULL,NULL,'2010-11-30 22:48:01','2010-11-30 22:48:01'),(178,25,244,8,'ChIP-chip/seq',6329,1,'Marketed as ChIP grade','',NULL,NULL,NULL,NULL,'2010-11-30 22:48:01','2010-11-30 22:48:01'),(179,25,245,1,'ChIP-chip/seq',6329,1,'Marketed as ChIP grade','',NULL,NULL,NULL,NULL,'2010-11-30 22:48:01','2010-11-30 22:48:01'),(180,25,246,8,'Dot blot',NULL,1,'Specific (90%); Cross-reacting peptides: H3K36me2 (<10%)','1:3000 1 hr at RT',NULL,NULL,NULL,NULL,'2010-11-30 22:48:01','2010-11-30 22:48:01'),(181,25,246,8,'Western blot',6329,1,'Single histone band','1:100 ON at 4C of 0.26 mg/ml stock',NULL,NULL,NULL,NULL,'2010-11-30 22:48:01','2010-11-30 22:48:01'),(182,25,246,8,'ChIP-chip/seq',6329,0,'Marketed as ChIP grade','',NULL,NULL,NULL,NULL,'2010-11-30 22:48:01','2010-11-30 22:48:01'),(183,25,68,2,'Dot blot',NULL,1,'Specific (100%)','0.5 ug/ml ON at 4C',NULL,NULL,NULL,NULL,'2010-11-30 22:48:01','2010-11-30 22:48:01'),(184,25,68,2,'Western blot',9606,0,'Histone + other bands','0.5 ug/ml ON at 4C',NULL,NULL,NULL,NULL,'2010-11-30 22:48:01','2010-11-30 22:48:01'),(185,25,68,2,'ChIP-chip/seq',9606,1,'Marketed as ChIP grade','',NULL,NULL,NULL,NULL,'2010-11-30 22:48:02','2010-11-30 22:48:02'),(186,25,69,2,'Dot blot',NULL,1,'Specific (93.4%); Cross-reacting peptides: H3K36me2 (6.6%)','1:1000 1hr at RT',NULL,NULL,NULL,NULL,'2010-11-30 22:48:02','2010-11-30 22:48:02'),(187,25,69,2,'Western blot',9606,1,'Histone + other bands','1:500 ON at 4C',NULL,NULL,NULL,NULL,'2010-11-30 22:48:02','2010-11-30 22:48:02'),(188,25,69,2,'ChIP-chip/seq',9606,1,'Marketed as ChIP grade','',NULL,NULL,NULL,NULL,'2010-11-30 22:48:02','2010-11-30 22:48:02'),(189,25,69,6,'Western blot',7227,1,'Single histone band','1:5000 ON at 4C',NULL,NULL,NULL,NULL,'2010-11-30 22:48:02','2010-11-30 22:48:02'),(190,25,69,6,'ChIP-chip/seq',7227,1,'Marketed as ChIP grade','',NULL,NULL,NULL,NULL,'2010-11-30 22:48:02','2010-11-30 22:48:02'),(191,25,191,8,'Dot blot',NULL,1,'Specific (90%); Cross-reacting peptides: H3K36me3 (<10%)','1:3000 ON at 4C',NULL,NULL,NULL,NULL,'2010-11-30 22:48:02','2010-11-30 22:48:02'),(192,25,191,8,'Western blot',6329,1,'Histone + other bands','0.5 ug/ml ON at 4C',NULL,NULL,NULL,NULL,'2010-11-30 22:48:02','2010-11-30 22:48:02'),(193,25,191,8,'ChIP-chip/seq',6329,1,'','',NULL,NULL,NULL,NULL,'2010-11-30 22:48:02','2010-11-30 22:48:02'),(194,25,70,2,'Dot blot',NULL,0,'No signal','1:100 ON at 4C',NULL,NULL,NULL,NULL,'2010-11-30 22:48:02','2010-11-30 22:48:02'),(195,25,70,2,'Western blot',9606,0,'Histone + other bands','1:100 ON at 4C',NULL,NULL,NULL,NULL,'2010-11-30 22:48:02','2010-11-30 22:48:02'),(196,26,71,2,'Dot blot',NULL,1,'Specific (100%)','1:2000 ON at 4C',NULL,NULL,NULL,NULL,'2010-11-30 22:48:02','2010-11-30 22:48:02'),(197,26,71,2,'Western blot',9606,0,'Single histone band','1:2000 ON at 4C',NULL,NULL,NULL,NULL,'2010-11-30 22:48:02','2010-11-30 22:48:02'),(198,26,71,2,'ChIP-chip/seq',9606,1,'','',NULL,NULL,NULL,NULL,'2010-11-30 22:48:02','2010-11-30 22:48:02'),(199,27,72,10,'Western blot',7227,1,'Single histone band','1:40000, ON, 4C',NULL,NULL,NULL,NULL,'2010-11-30 22:48:02','2010-11-30 22:48:02'),(200,27,72,10,'ChIP-chip/seq',7227,1,'Marketed as ChIP grade','',NULL,NULL,NULL,NULL,'2010-11-30 22:48:02','2010-11-30 22:48:02'),(201,27,77,10,'Dot blot',NULL,1,'Specific (90%); Cross-reacting peptides: H3K4me2 (8%), H3K4me2 (1%), H3K4me3 (1%)','1:1000, 1 hour, RT',NULL,NULL,NULL,NULL,'2010-11-30 22:48:02','2010-11-30 22:48:02'),(202,27,77,10,'Western blot',7227,1,'Histone + other bands','1:1000, 1 hour, RT',NULL,NULL,NULL,NULL,'2010-11-30 22:48:02','2010-11-30 22:48:02'),(203,27,77,10,'ChIP-chip/seq',7227,1,'Marketed as ChIP grade','',NULL,NULL,NULL,NULL,'2010-11-30 22:48:02','2010-11-30 22:48:02'),(204,27,73,2,'Dot blot',NULL,1,'Specific (100%)','0.5 ug/ml ON at 4C',NULL,NULL,NULL,NULL,'2010-11-30 22:48:02','2010-11-30 22:48:02'),(205,27,73,2,'Western blot',9606,0,'Histone + other bands','0.5 ug/ml ON at 4C',NULL,NULL,NULL,NULL,'2010-11-30 22:48:02','2010-11-30 22:48:02'),(206,27,73,2,'ChIP-chip/seq',9606,1,'Marketed as ChIP grade','',NULL,NULL,NULL,NULL,'2010-11-30 22:48:02','2010-11-30 22:48:02'),(207,27,237,8,'Western blot',6329,1,'Single histone band','1:250 ON at 4C of 0.15 mg/ml stock',NULL,NULL,NULL,NULL,'2010-11-30 22:48:02','2010-11-30 22:48:02'),(208,27,237,8,'ChIP-chip/seq',6329,1,'Marketed as ChIP grade','',NULL,NULL,NULL,NULL,'2010-11-30 22:48:02','2010-11-30 22:48:02'),(209,27,74,2,'Dot blot',NULL,1,'Specific (100%)','0.5 ug/ml ON at 4C',NULL,NULL,NULL,NULL,'2010-11-30 22:48:02','2010-11-30 22:48:02'),(210,27,74,2,'Western blot',9606,0,'Histone + other bands','0.5 ug/ml ON at 4C',NULL,NULL,NULL,NULL,'2010-11-30 22:48:02','2010-11-30 22:48:02'),(211,27,74,2,'ChIP-chip/seq',9606,1,'Marketed as ChIP grade','',NULL,NULL,NULL,NULL,'2010-11-30 22:48:02','2010-11-30 22:48:02'),(212,27,75,2,'Dot blot',NULL,1,'Specific (100%)','1:2000 ON at 4C',NULL,NULL,NULL,NULL,'2010-11-30 22:48:02','2010-11-30 22:48:02'),(213,27,75,2,'Western blot',9606,0,'Histone + other bands','1:2000 ON at 4C',NULL,NULL,NULL,NULL,'2010-11-30 22:48:02','2010-11-30 22:48:02'),(214,27,75,2,'ChIP-chip/seq',9606,1,'','',NULL,NULL,NULL,NULL,'2010-11-30 22:48:02','2010-11-30 22:48:02'),(215,27,76,2,'Dot blot',NULL,1,'Specific (100%)','0.5 ug/ml ON at 4C',NULL,NULL,NULL,NULL,'2010-11-30 22:48:02','2010-11-30 22:48:02'),(216,27,76,2,'Western blot',9606,0,'Histone + other bands','0.5 ug/ml ON at 4C',NULL,NULL,NULL,NULL,'2010-11-30 22:48:02','2010-11-30 22:48:02'),(217,27,76,2,'ChIP-chip/seq',9606,1,'Marketed as ChIP grade','',NULL,NULL,NULL,NULL,'2010-11-30 22:48:02','2010-11-30 22:48:02'),(218,27,218,8,'Dot blot',NULL,0,'Low signal; Cross-reacting peptides: NA','1:2000 3 hr at 37C',NULL,NULL,NULL,NULL,'2010-11-30 22:48:02','2010-11-30 22:48:02'),(219,27,218,8,'Western blot',6329,1,'Single histone band','0.5 ug/ml ON at 4C',NULL,NULL,NULL,NULL,'2010-11-30 22:48:02','2010-11-30 22:48:02'),(220,27,218,8,'ChIP-chip/seq',6329,0,'','',NULL,NULL,NULL,NULL,'2010-11-30 22:48:02','2010-11-30 22:48:02'),(221,28,78,2,'Dot blot',NULL,1,'Specific (100%)','1:2000 ON at 4C',NULL,NULL,NULL,NULL,'2010-11-30 22:48:02','2010-11-30 22:48:02'),(222,28,78,2,'Western blot',9606,0,'Single histone band','1:2000 ON at 4C',NULL,NULL,NULL,NULL,'2010-11-30 22:48:02','2010-11-30 22:48:02'),(223,28,78,2,'ChIP-chip/seq',9606,1,'Marketed as ChIP grade','',NULL,NULL,NULL,NULL,'2010-11-30 22:48:02','2010-11-30 22:48:02'),(224,28,79,2,'Dot blot',NULL,1,'Specific (100%)','1:2000 ON at 4C',NULL,NULL,NULL,NULL,'2010-11-30 22:48:02','2010-11-30 22:48:02'),(225,28,79,2,'Western blot',9606,0,'No signal','1:2000 ON at 4C',NULL,NULL,NULL,NULL,'2010-11-30 22:48:02','2010-11-30 22:48:02'),(226,28,79,2,'ChIP-chip/seq',9606,1,'Marketed as ChIP grade','',NULL,NULL,NULL,NULL,'2010-11-30 22:48:02','2010-11-30 22:48:02'),(227,28,80,10,'Western blot',7227,0,'Binds recombinant histone','1:40000, ON, 4C',NULL,NULL,NULL,NULL,'2010-11-30 22:48:02','2010-11-30 22:48:02'),(228,28,235,8,'Dot blot',NULL,1,'Specific (90%); Cross-reacting peptides: H3K4me1 (<10%)','1:5000 ON at 4C',NULL,NULL,NULL,NULL,'2010-11-30 22:48:02','2010-11-30 22:48:02'),(229,28,235,8,'Western blot',6329,1,'Single histone band','1:3000 ON at 4C of 0.5 mg/ml',NULL,NULL,NULL,NULL,'2010-11-30 22:48:02','2010-11-30 22:48:02'),(230,28,81,10,'Dot blot',NULL,0,'Specific (75%); Cross-reacting peptides: H3K4me3 (24%), H3K4me1 (1%)','1:1000, 1 hour, RT',NULL,NULL,NULL,NULL,'2010-11-30 22:48:02','2010-11-30 22:48:02'),(231,28,81,10,'Western blot',7227,1,'Single histone band','1:1000, 1 hour, RT',NULL,NULL,NULL,NULL,'2010-11-30 22:48:02','2010-11-30 22:48:02'),(232,28,81,10,'ChIP-chip/seq',7227,1,'Marketed as ChIP grade','',NULL,NULL,NULL,NULL,'2010-11-30 22:48:02','2010-11-30 22:48:02'),(233,28,204,8,'Western blot',6329,1,'Single histone band','1:2000 ON at 4C',NULL,NULL,NULL,NULL,'2010-11-30 22:48:02','2010-11-30 22:48:02'),(234,28,204,8,'ChIP-chip/seq',6329,1,'Marketed as ChIP grade','',NULL,NULL,NULL,NULL,'2010-11-30 22:48:02','2010-11-30 22:48:02'),(235,28,82,6,'Dot blot',NULL,0,'Specific (76%); Cross-reacting peptides: H3K4me3 (21%), H3K4me1 (3%)','1:5000 2hr at RT',NULL,NULL,NULL,NULL,'2010-11-30 22:48:02','2010-11-30 22:48:02'),(236,28,82,6,'Western blot',7227,1,'Single histone band','1:5000 O/N at 4C',NULL,NULL,NULL,NULL,'2010-11-30 22:48:02','2010-11-30 22:48:02'),(237,28,82,6,'ChIP-chip/seq',7227,1,'Marketed as ChIP grade','',NULL,NULL,NULL,NULL,'2010-11-30 22:48:02','2010-11-30 22:48:02'),(238,28,221,8,'Dot blot',NULL,0,'Low signal; Cross-reacting peptides: NA','1:3000 ON at 4C',NULL,NULL,NULL,NULL,'2010-11-30 22:48:02','2010-11-30 22:48:02'),(239,28,221,8,'Western blot',6329,1,'Single histone band','0.5 ug/ml ON at 4C',NULL,NULL,NULL,NULL,'2010-11-30 22:48:02','2010-11-30 22:48:02'),(240,28,221,8,'ChIP-chip/seq',6329,1,'','',NULL,NULL,NULL,NULL,'2010-11-30 22:48:02','2010-11-30 22:48:02'),(241,29,90,10,'Dot blot',NULL,0,'Specific (81%); Cross-reacting peptides: H3K4me2 (19%)','1:1000, 1 hour, RT',NULL,NULL,NULL,NULL,'2010-11-30 22:48:02','2010-11-30 22:48:02'),(242,29,90,10,'Western blot',7227,1,'Single histone band','1:1000, 1 hour, RT',NULL,NULL,NULL,NULL,'2010-11-30 22:48:02','2010-11-30 22:48:02'),(243,29,90,10,'ChIP-chip/seq',7227,1,'Marketed as ChIP grade','',NULL,NULL,NULL,NULL,'2010-11-30 22:48:02','2010-11-30 22:48:02'),(244,29,83,2,'Dot blot',NULL,1,'Specific (100%)','0.5 ug/ml ON at 4C',NULL,NULL,NULL,NULL,'2010-11-30 22:48:02','2010-11-30 22:48:02'),(245,29,83,2,'Western blot',9606,0,'Single histone band','0.5 ug/ml ON at 4C',NULL,NULL,NULL,NULL,'2010-11-30 22:48:02','2010-11-30 22:48:02'),(246,29,83,2,'ChIP-chip/seq',9606,1,'Marketed as ChIP grade','',NULL,NULL,NULL,NULL,'2010-11-30 22:48:02','2010-11-30 22:48:02'),(247,29,85,2,'Dot blot',NULL,1,'Specific (92.4%); Cross-reacting peptides: H3K4me2 (7.6%)','1:2000 ON at 4C',NULL,NULL,NULL,NULL,'2010-11-30 22:48:02','2010-11-30 22:48:02'),(248,29,85,2,'ChIP-chip/seq',9606,1,'Marketed as ChIP grade','',NULL,NULL,NULL,NULL,'2010-11-30 22:48:02','2010-11-30 22:48:02'),(249,29,84,10,'Dot blot',NULL,0,'Specific (80%); Cross-reacting peptides: H4K20me3, H3K4me2 (<10%)','1:3000 1 hr at RT',NULL,NULL,NULL,NULL,'2010-11-30 22:48:02','2010-11-30 22:48:02'),(250,29,84,10,'Western blot',7227,1,'Histone + other bands','1:2500 ON at 4C',NULL,NULL,NULL,NULL,'2010-11-30 22:48:02','2010-11-30 22:48:02'),(251,29,84,10,'ChIP-chip/seq',7227,1,'Marketed as ChIP grade','',NULL,NULL,NULL,NULL,'2010-11-30 22:48:02','2010-11-30 22:48:02'),(252,29,86,8,'Western blot',6329,1,'Histone + other bands','1:2500 ON at 4C',NULL,NULL,NULL,NULL,'2010-11-30 22:48:02','2010-11-30 22:48:02'),(253,29,86,8,'ChIP-chip/seq',6329,1,'Marketed as ChIP grade','',NULL,NULL,NULL,NULL,'2010-11-30 22:48:02','2010-11-30 22:48:02'),(254,29,87,2,'Dot blot',NULL,1,'Specific (100%)','1:2000 ON at 4C',NULL,NULL,NULL,NULL,'2010-11-30 22:48:02','2010-11-30 22:48:02'),(255,29,87,2,'ChIP-chip/seq',9606,1,'Marketed as ChIP grade','',NULL,NULL,NULL,NULL,'2010-11-30 22:48:02','2010-11-30 22:48:02'),(256,29,88,2,'Dot blot',NULL,1,'Specific (100%)','1:2000 ON at 4C',NULL,NULL,NULL,NULL,'2010-11-30 22:48:02','2010-11-30 22:48:02'),(257,29,88,2,'Western blot',9606,0,'No signal','',NULL,NULL,NULL,NULL,'2010-11-30 22:48:02','2010-11-30 22:48:02'),(258,29,88,2,'ChIP-chip/seq',9606,1,'Marketed as ChIP grade','',NULL,NULL,NULL,NULL,'2010-11-30 22:48:02','2010-11-30 22:48:02'),(259,29,215,7,'Western blot',6329,1,'Single histone band','1:5000 ON at 4C',NULL,NULL,NULL,NULL,'2010-11-30 22:48:02','2010-11-30 22:48:02'),(260,29,89,2,'Dot blot',NULL,1,'Specific (100%)','1:2000 ON at 4C',NULL,NULL,NULL,NULL,'2010-11-30 22:48:02','2010-11-30 22:48:02'),(261,29,89,2,'Western blot',9606,0,'Histone + other bands','1:2000 ON at 4C',NULL,NULL,NULL,NULL,'2010-11-30 22:48:02','2010-11-30 22:48:02'),(262,29,89,2,'ChIP-chip/seq',9606,1,'Marketed as ChIP grade','',NULL,NULL,NULL,NULL,'2010-11-30 22:48:02','2010-11-30 22:48:02'),(263,29,219,8,'Dot blot',NULL,0,'Specific (75%); Cross-reacting peptides: H3K4me2 (10-25%)','1:3000 ON at 4C',NULL,NULL,NULL,NULL,'2010-11-30 22:48:02','2010-11-30 22:48:02'),(264,29,219,8,'Western blot',6329,1,'Single histone band','0.5 ug/ml ON at 4C',NULL,NULL,NULL,NULL,'2010-11-30 22:48:02','2010-11-30 22:48:02'),(265,29,219,8,'ChIP-chip/seq',6329,1,'','',NULL,NULL,NULL,NULL,'2010-11-30 22:48:02','2010-11-30 22:48:02'),(266,30,91,3,'Western blot',7227,1,'Single histone band','1:1000 ON at 4C',NULL,NULL,NULL,NULL,'2010-11-30 22:48:02','2010-11-30 22:48:02'),(267,30,92,2,'Dot blot',NULL,0,'Not Specific (74.2%); Cross-reacting peptides: H3K9ac 25.8%','1:2000 ON at 4C',NULL,NULL,NULL,NULL,'2010-11-30 22:48:02','2010-11-30 22:48:02'),(268,30,92,2,'Western blot',9606,0,'Histone + other bands','1:2000 ON at 4C',NULL,NULL,NULL,NULL,'2010-11-30 22:48:02','2010-11-30 22:48:02'),(269,30,92,2,'ChIP-chip/seq',9606,1,'','',NULL,NULL,NULL,NULL,'2010-11-30 22:48:02','2010-11-30 22:48:02'),(270,30,93,2,'Dot blot',NULL,1,'Specific (100%)','1:2000 ON at 4C',NULL,NULL,NULL,NULL,'2010-11-30 22:48:02','2010-11-30 22:48:02'),(271,30,93,2,'Western blot',9606,0,'Single histone band','1:2000 ON at 4C',NULL,NULL,NULL,NULL,'2010-11-30 22:48:02','2010-11-30 22:48:02'),(272,30,93,2,'ChIP-chip/seq',9606,1,'','',NULL,NULL,NULL,NULL,'2010-11-30 22:48:02','2010-11-30 22:48:02'),(273,31,94,10,'Dot blot',NULL,0,'Low signal; Cross-reacting peptides: NA','1:2000 3 hr at 37C',NULL,NULL,NULL,NULL,'2010-11-30 22:48:02','2010-11-30 22:48:02'),(274,31,94,10,'Western blot',7227,1,'Single histone band','1:40000, ON, 4C',NULL,NULL,NULL,NULL,'2010-11-30 22:48:02','2010-11-30 22:48:02'),(275,31,94,10,'ChIP-chip/seq',7227,1,'Marketed as ChIP grade','',NULL,NULL,NULL,NULL,'2010-11-30 22:48:02','2010-11-30 22:48:02'),(276,31,94,9,'Western blot',6329,0,'No signal','1:250 ON at 4C of 0.2 mg/ml stock',NULL,NULL,NULL,NULL,'2010-11-30 22:48:02','2010-11-30 22:48:02'),(277,31,94,9,'ChIP-chip/seq',6329,1,'Marketed as ChIP grade','',NULL,NULL,NULL,NULL,'2010-11-30 22:48:02','2010-11-30 22:48:02'),(278,31,97,2,'Dot blot',NULL,1,'Specific (89.1%); Cross-reacting peptides: H3K79me2 (10.4%), H3K79me3 (0.5%)','0.5 ug/ml ON at 4C',NULL,NULL,NULL,NULL,'2010-11-30 22:48:02','2010-11-30 22:48:02'),(279,31,97,2,'Western blot',9606,0,'Histone + other bands','0.5 ug/ml ON at 4C',NULL,NULL,NULL,NULL,'2010-11-30 22:48:02','2010-11-30 22:48:02'),(280,31,97,2,'ChIP-chip/seq',9606,1,'Marketed as ChIP grade','',NULL,NULL,NULL,NULL,'2010-11-30 22:48:02','2010-11-30 22:48:02'),(281,31,98,2,'Dot blot',NULL,1,'Specific (88.4%); Cross-reacting peptides: H3K79me2 (11.6%)','0.5 ug/ml ON at 4C',NULL,NULL,NULL,NULL,'2010-11-30 22:48:02','2010-11-30 22:48:02'),(282,31,98,2,'Western blot',9606,0,'Histone + other bands','0.5 ug/ml ON at 4C',NULL,NULL,NULL,NULL,'2010-11-30 22:48:02','2010-11-30 22:48:02'),(283,31,98,2,'ChIP-chip/seq',9606,1,'Marketed as ChIP grade','',NULL,NULL,NULL,NULL,'2010-11-30 22:48:02','2010-11-30 22:48:02'),(284,31,99,2,'Dot blot',NULL,1,'Specific (92%); Cross-reacting peptides: H3K79me2 (8%)','0.5 ug/ml ON at 4C',NULL,NULL,NULL,NULL,'2010-11-30 22:48:02','2010-11-30 22:48:02'),(285,31,99,2,'Western blot',9606,0,'Histone + other bands','0.5 ug/ml ON at 4C',NULL,NULL,NULL,NULL,'2010-11-30 22:48:02','2010-11-30 22:48:02'),(286,31,99,2,'ChIP-chip/seq',9606,1,'Marketed as ChIP grade','',NULL,NULL,NULL,NULL,'2010-11-30 22:48:02','2010-11-30 22:48:02'),(287,32,95,10,'Western blot',7227,1,'Single histone band','1:40000, ON, 4C',NULL,NULL,NULL,NULL,'2010-11-30 22:48:02','2010-11-30 22:48:02'),(288,32,95,10,'ChIP-chip/seq',7227,1,'Marketed as ChIP grade','',NULL,NULL,NULL,NULL,'2010-11-30 22:48:02','2010-11-30 22:48:02'),(289,32,100,9,'Dot blot',NULL,0,'Specific (75%); Cross-reacting peptides: H3K79me1 (10-25%)','1:2000 3 hr at 37C',NULL,NULL,NULL,NULL,'2010-11-30 22:48:02','2010-11-30 22:48:02'),(290,32,100,9,'Western blot',6329,1,'Single histone band','1 ug/ml ON at 4C',NULL,NULL,NULL,NULL,'2010-11-30 22:48:02','2010-11-30 22:48:02'),(291,32,100,9,'ChIP-chip/seq',6329,1,'Marketed as ChIP grade','',NULL,NULL,NULL,NULL,'2010-11-30 22:48:02','2010-11-30 22:48:02'),(292,32,101,2,'Dot blot',NULL,0,'Specific (76.4%); Cross-reacting peptides: H3K79me1 (20.9%), H3K79me3 (2.7%)','0.5 ug/ml ON at 4C',NULL,NULL,NULL,NULL,'2010-11-30 22:48:02','2010-11-30 22:48:02'),(293,32,101,2,'Western blot',9606,0,'Histone + other bands','0.5 ug/ml ON at 4C',NULL,NULL,NULL,NULL,'2010-11-30 22:48:02','2010-11-30 22:48:02'),(294,32,101,2,'ChIP-chip/seq',9606,1,'Marketed as ChIP grade','',NULL,NULL,NULL,NULL,'2010-11-30 22:48:02','2010-11-30 22:48:02'),(295,32,102,2,'Dot blot',NULL,1,'Specific (97.6%); Cross-reacting peptides: H3K79me1 (2.4%)','1:2000 ON at 4C',NULL,NULL,NULL,NULL,'2010-11-30 22:48:02','2010-11-30 22:48:02'),(296,32,102,2,'Western blot',9606,0,'Histone + other bands','1:2000 ON at 4C',NULL,NULL,NULL,NULL,'2010-11-30 22:48:02','2010-11-30 22:48:02'),(297,32,102,2,'ChIP-chip/seq',9606,1,'','',NULL,NULL,NULL,NULL,'2010-11-30 22:48:02','2010-11-30 22:48:02'),(298,32,103,10,'Dot blot',NULL,0,'Specific (77%); Cross-reacting peptides: H3K79me3 (13%), H3K79me1 (9%)','1:1000, 1hour, RT',NULL,NULL,NULL,NULL,'2010-11-30 22:48:02','2010-11-30 22:48:02'),(299,32,96,10,'Dot blot',NULL,0,'Specific (75%); Cross-reacting peptides: H3K79me2 (10-25%)','1:2000 3 hr at 37C',NULL,NULL,NULL,NULL,'2010-11-30 22:48:02','2010-11-30 22:48:02'),(300,32,96,10,'Western blot',7227,0,'No signal','1:4000 ON at 4C',NULL,NULL,NULL,NULL,'2010-11-30 22:48:02','2010-11-30 22:48:02'),(301,32,96,10,'ChIP-chip/seq',7227,1,'Marketed as ChIP grade','',NULL,NULL,NULL,NULL,'2010-11-30 22:48:02','2010-11-30 22:48:02'),(302,32,229,9,'Western blot',6329,0,'No signal','1:500 ON at 4C of 0.5 mg/ml stock',NULL,NULL,NULL,NULL,'2010-11-30 22:48:02','2010-11-30 22:48:02'),(303,32,229,9,'ChIP-chip/seq',6329,1,'Marketed as ChIP grade','',NULL,NULL,NULL,NULL,'2010-11-30 22:48:02','2010-11-30 22:48:02'),(304,32,105,10,'Dot blot',NULL,0,'Not Specific (69%); Cross-reacting peptides: H3K79me2 (27%), H3K79me1 (4%)','1:1000, 1hour, RT',NULL,NULL,NULL,NULL,'2010-11-30 22:48:02','2010-11-30 22:48:02'),(305,32,104,2,'Dot blot',NULL,0,'Not Specific (66.7%); Cross-reacting peptides: H3R17me2a (10%), H3K79me2 (24.3%)','1:2000 ON at 4C',NULL,NULL,NULL,NULL,'2010-11-30 22:48:02','2010-11-30 22:48:02'),(306,32,104,2,'Western blot',9606,0,'Single histone band','1:2000 ON at 4C',NULL,NULL,NULL,NULL,'2010-11-30 22:48:02','2010-11-30 22:48:02'),(307,33,231,8,'Western blot',6329,1,'Single histone band','2 ug/ml ON at 4C',NULL,NULL,NULL,NULL,'2010-11-30 22:48:02','2010-11-30 22:48:02'),(308,33,231,8,'ChIP-chip/seq',6329,0,'Marketed as ChIP grade','',NULL,NULL,NULL,NULL,'2010-11-30 22:48:02','2010-11-30 22:48:02'),(309,33,106,2,'Dot blot',NULL,1,'Specific (100%)','0.5 ug/ml ON at 4C',NULL,NULL,NULL,NULL,'2010-11-30 22:48:02','2010-11-30 22:48:02'),(310,33,106,2,'Western blot',9606,0,'Histone + other bands','0.5 ug/ml ON at 4C',NULL,NULL,NULL,NULL,'2010-11-30 22:48:02','2010-11-30 22:48:02'),(311,33,106,2,'ChIP-chip/seq',9606,1,'Marketed as ChIP grade','',NULL,NULL,NULL,NULL,'2010-11-30 22:48:02','2010-11-30 22:48:02'),(312,33,107,2,'Dot blot',NULL,0,'Not Specific (6.7%); Cross-reacting peptides: H3K56ac 93.3%','0.5 ug/ml ON at 4C',NULL,NULL,NULL,NULL,'2010-11-30 22:48:02','2010-11-30 22:48:02'),(313,33,107,2,'Western blot',9606,0,'Single histone band','0.5 ug/ml ON at 4C',NULL,NULL,NULL,NULL,'2010-11-30 22:48:02','2010-11-30 22:48:02'),(314,33,109,7,'Western blot',6329,0,'Histone + other bands','1:1000 ON at 4C',NULL,NULL,NULL,NULL,'2010-11-30 22:48:02','2010-11-30 22:48:02'),(315,33,108,2,'Dot blot',NULL,1,'Specific (100%)','1:2000 ON at 4C',NULL,NULL,NULL,NULL,'2010-11-30 22:48:02','2010-11-30 22:48:02'),(316,33,108,2,'Western blot',9606,0,'Histone + other bands','1:2000 ON at 4C',NULL,NULL,NULL,NULL,'2010-11-30 22:48:02','2010-11-30 22:48:02'),(317,33,108,2,'ChIP-chip/seq',9606,1,'','',NULL,NULL,NULL,NULL,'2010-11-30 22:48:02','2010-11-30 22:48:02'),(318,33,108,6,'Western blot',7227,1,'Histone + other bands','1:2000 1.5hr at RT',NULL,NULL,NULL,NULL,'2010-11-30 22:48:02','2010-11-30 22:48:02'),(319,33,108,6,'ChIP-chip/seq',7227,1,'Marketed as ChIP grade','',NULL,NULL,NULL,NULL,'2010-11-30 22:48:02','2010-11-30 22:48:02'),(320,33,222,8,'Western blot',6329,1,'Single histone band','1 ug/ml ON at 4C',NULL,NULL,NULL,NULL,'2010-11-30 22:48:02','2010-11-30 22:48:02'),(321,33,222,8,'ChIP-chip/seq',6329,1,'','',NULL,NULL,NULL,NULL,'2010-11-30 22:48:02','2010-11-30 22:48:02'),(322,34,114,6,'Western blot',7227,0,'Binds recombinant histone','1:1000 O/N at 4C',NULL,NULL,NULL,NULL,'2010-11-30 22:48:02','2010-11-30 22:48:02'),(323,34,110,6,'Western blot',7227,0,'Binds recombinant histone','1:5000 O/N at 4C',NULL,NULL,NULL,NULL,'2010-11-30 22:48:02','2010-11-30 22:48:02'),(324,34,113,6,'Dot blot',NULL,1,'Specific (100%)','1:5000 1hr at RT',NULL,NULL,NULL,NULL,'2010-11-30 22:48:02','2010-11-30 22:48:02'),(325,34,113,6,'Western blot',7227,1,'Single histone band','1:5000 O/N at 4C',NULL,NULL,NULL,NULL,'2010-11-30 22:48:02','2010-11-30 22:48:02'),(326,34,113,6,'ChIP-chip/seq',7227,1,'Marketed as ChIP grade','',NULL,NULL,NULL,NULL,'2010-11-30 22:48:02','2010-11-30 22:48:02'),(327,34,112,6,'Dot blot',NULL,1,'Specific (100%)','1:5000 1hr at RT',NULL,NULL,NULL,NULL,'2010-11-30 22:48:02','2010-11-30 22:48:02'),(328,34,112,6,'Western blot',7227,1,'Histone + other bands','1:5000 O/N at 4C',NULL,NULL,NULL,NULL,'2010-11-30 22:48:03','2010-11-30 22:48:03'),(329,34,112,6,'ChIP-chip/seq',7227,1,'Marketed as ChIP grade','',NULL,NULL,NULL,NULL,'2010-11-30 22:48:03','2010-11-30 22:48:03'),(330,34,111,6,'Dot blot',NULL,1,'Specific (100%)','1:5000 1hr at RT',NULL,NULL,NULL,NULL,'2010-11-30 22:48:03','2010-11-30 22:48:03'),(331,34,111,6,'Western blot',7227,1,'Histone + other bands','1:5000 O/N at 4C',NULL,NULL,NULL,NULL,'2010-11-30 22:48:03','2010-11-30 22:48:03'),(332,35,238,8,'Dot blot',NULL,0,'Specific (80%); Cross-reacting peptides: H3K9me2 (<10%),  H3S10ph (<10%)','1:3000 ON at 4C',NULL,NULL,NULL,NULL,'2010-11-30 22:48:03','2010-11-30 22:48:03'),(333,35,238,8,'Western blot',6329,1,'Single histone band','1 ug/ml ON at 4C',NULL,NULL,NULL,NULL,'2010-11-30 22:48:03','2010-11-30 22:48:03'),(334,35,238,8,'ChIP-chip/seq',6329,1,'Marketed as ChIP grade','',NULL,NULL,NULL,NULL,'2010-11-30 22:48:03','2010-11-30 22:48:03'),(335,35,115,2,'Dot blot',NULL,1,'Specific (100%)','0.5 ug/ml ON at 4C',NULL,NULL,NULL,NULL,'2010-11-30 22:48:03','2010-11-30 22:48:03'),(336,35,115,2,'Western blot',9606,0,'Histone + other bands','0.5 ug/ml ON at 4C',NULL,NULL,NULL,NULL,'2010-11-30 22:48:03','2010-11-30 22:48:03'),(337,35,115,2,'ChIP-chip/seq',9606,0,'Marketed as ChIP grade','',NULL,NULL,NULL,NULL,'2010-11-30 22:48:03','2010-11-30 22:48:03'),(338,35,120,6,'Western blot',7227,1,'Single histone band','1:1000 1hr at RT',NULL,NULL,NULL,NULL,'2010-11-30 22:48:03','2010-11-30 22:48:03'),(339,35,120,6,'ChIP-chip/seq',7227,1,'Marketed as ChIP grade','',NULL,NULL,NULL,NULL,'2010-11-30 22:48:03','2010-11-30 22:48:03'),(340,35,241,8,'Dot blot',NULL,0,'Not Specific (40%); Cross-reacting peptides: H3K9me3 (>25%), H3K9me2 (10-25%), H3K27me1 (<10%)','1:5000 ON at 4C',NULL,NULL,NULL,NULL,'2010-11-30 22:48:03','2010-11-30 22:48:03'),(341,35,241,8,'Western blot',6329,1,'Single histone band','1:800 ON at 4C of 0.5 mg/ml stock',NULL,NULL,NULL,NULL,'2010-11-30 22:48:03','2010-11-30 22:48:03'),(342,35,241,8,'ChIP-chip/seq',6329,1,'Marketed as ChIP grade','',NULL,NULL,NULL,NULL,'2010-11-30 22:48:03','2010-11-30 22:48:03'),(343,35,116,6,'Western blot',7227,1,'Single histone band','1:10000 at RT',NULL,NULL,NULL,NULL,'2010-11-30 22:48:03','2010-11-30 22:48:03'),(344,35,119,6,'Dot blot',NULL,0,'Specific (79%); Cross-reacting peptides: H3K27me1 (20%), H3K9me2 (1%)','1:5000 1hr at RT',NULL,NULL,NULL,NULL,'2010-11-30 22:48:03','2010-11-30 22:48:03'),(345,35,119,6,'Western blot',7227,1,'Single histone band','1:5000, SNAP id',NULL,NULL,NULL,NULL,'2010-11-30 22:48:03','2010-11-30 22:48:03'),(346,35,119,6,'ChIP-chip/seq',7227,1,'Marketed as ChIP grade','',NULL,NULL,NULL,NULL,'2010-11-30 22:48:03','2010-11-30 22:48:03'),(347,35,117,2,'Dot blot',NULL,1,'Specific (100%)','0.5 ug/ml ON at 4C',NULL,NULL,NULL,NULL,'2010-11-30 22:48:03','2010-11-30 22:48:03'),(348,35,117,2,'Western blot',9606,0,'Single histone band','0.5 ug/ml ON at 4C',NULL,NULL,NULL,NULL,'2010-11-30 22:48:03','2010-11-30 22:48:03'),(349,35,117,2,'ChIP-chip/seq',9606,0,'Marketed as ChIP grade','',NULL,NULL,NULL,NULL,'2010-11-30 22:48:03','2010-11-30 22:48:03'),(350,35,118,2,'Dot blot',NULL,1,'Specific (100%)','1:2000 ON at 4C',NULL,NULL,NULL,NULL,'2010-11-30 22:48:03','2010-11-30 22:48:03'),(351,35,118,2,'Western blot',9606,0,'Histone + other bands','1:2000 ON at 4C',NULL,NULL,NULL,NULL,'2010-11-30 22:48:03','2010-11-30 22:48:03'),(352,35,216,7,'Western blot',6329,1,'Single histone band','0.5 ug/ml ON at 4C',NULL,NULL,NULL,NULL,'2010-11-30 22:48:03','2010-11-30 22:48:03'),(353,35,216,7,'ChIP-chip/seq',6329,0,'','',NULL,NULL,NULL,NULL,'2010-11-30 22:48:03','2010-11-30 22:48:03'),(354,36,126,6,'Western blot',7227,1,'Single histone band','1:1000 1.5hr at RT',NULL,NULL,NULL,NULL,'2010-11-30 22:48:03','2010-11-30 22:48:03'),(355,36,126,6,'ChIP-chip/seq',7227,1,'Marketed as ChIP grade','',NULL,NULL,NULL,NULL,'2010-11-30 22:48:03','2010-11-30 22:48:03'),(356,36,127,6,'Dot blot',NULL,1,'Specific (100%)','1:2000 1hr at RT',NULL,NULL,NULL,NULL,'2010-11-30 22:48:03','2010-11-30 22:48:03'),(357,36,127,6,'Western blot',7227,1,'Single histone band','2.5 ug/ml  O/N at 4C',NULL,NULL,NULL,NULL,'2010-11-30 22:48:03','2010-11-30 22:48:03'),(358,36,127,6,'ChIP-chip/seq',7227,1,'Marketed as ChIP grade','',NULL,NULL,NULL,NULL,'2010-11-30 22:48:03','2010-11-30 22:48:03'),(359,36,224,7,'Western blot',6329,1,'Single histone band','5 ug/ml ON at 4C',NULL,NULL,NULL,NULL,'2010-11-30 22:48:03','2010-11-30 22:48:03'),(360,36,4,8,'Dot blot',NULL,0,'Specific (75%) ; Cross-reacting peptides: H3K27me2 (10-25%)','1:3000 ON at 4C',NULL,NULL,NULL,NULL,'2010-11-30 22:48:03','2010-11-30 22:48:03'),(361,36,4,8,'Western blot',6329,1,'Single histone band','1:500 ON at 4C',NULL,NULL,NULL,NULL,'2010-11-30 22:48:03','2010-11-30 22:48:03'),(362,36,4,8,'ChIP-chip/seq',6329,0,'Marketed as ChIP grade','',NULL,NULL,NULL,NULL,'2010-11-30 22:48:03','2010-11-30 22:48:03'),(363,36,122,2,'Dot blot',NULL,1,'Specific (100%)','1:2000 ON at 4C',NULL,NULL,NULL,NULL,'2010-11-30 22:48:03','2010-11-30 22:48:03'),(364,36,122,2,'ChIP-chip/seq',9606,0,'Marketed as ChIP grade','',NULL,NULL,NULL,NULL,'2010-11-30 22:48:03','2010-11-30 22:48:03'),(365,36,121,2,'Dot blot',NULL,1,'Specific (94.5%); Cross-reacting peptides: H3K9me1 (5.5%)','0.5 ug/ml ON at 4C',NULL,NULL,NULL,NULL,'2010-11-30 22:48:03','2010-11-30 22:48:03'),(366,36,121,2,'Western blot',9606,0,'Single histone band','0.5 ug/ml ON at 4C',NULL,NULL,NULL,NULL,'2010-11-30 22:48:03','2010-11-30 22:48:03'),(367,36,121,2,'ChIP-chip/seq',9606,0,'Marketed as ChIP grade','',NULL,NULL,NULL,NULL,'2010-11-30 22:48:03','2010-11-30 22:48:03'),(368,36,196,8,'Dot blot',NULL,0,'Low signal; Cross-reacting peptides: NA','1:3000 ON at 4C',NULL,NULL,NULL,NULL,'2010-11-30 22:48:03','2010-11-30 22:48:03'),(369,36,196,8,'Western blot',6329,1,'Single histone band','3 ug/ml ON at 4C',NULL,NULL,NULL,NULL,'2010-11-30 22:48:03','2010-11-30 22:48:03'),(370,36,196,8,'ChIP-chip/seq',6329,1,'','',NULL,NULL,NULL,NULL,'2010-11-30 22:48:03','2010-11-30 22:48:03'),(371,36,6,1,'ChIP-chip/seq',6329,1,'','',NULL,NULL,NULL,NULL,'2010-11-30 22:48:03','2010-11-30 22:48:03'),(372,36,123,2,'Dot blot',NULL,0,'No signal','0.5 ug/ml ON at 4C',NULL,NULL,NULL,NULL,'2010-11-30 22:48:03','2010-11-30 22:48:03'),(373,36,123,2,'Western blot',9606,0,'Histone + other bands','0.5 ug/ml ON at 4C',NULL,NULL,NULL,NULL,'2010-11-30 22:48:03','2010-11-30 22:48:03'),(374,36,124,2,'Dot blot',NULL,0,'No signal','0.5 ug/ml ON at 4C',NULL,NULL,NULL,NULL,'2010-11-30 22:48:03','2010-11-30 22:48:03'),(375,36,124,2,'Western blot',9606,0,'Single histone band','0.5 ug/ml ON at 4C',NULL,NULL,NULL,NULL,'2010-11-30 22:48:03','2010-11-30 22:48:03'),(376,36,125,2,'Dot blot',NULL,1,'Specific (100%)','1:2000 ON at 4C',NULL,NULL,NULL,NULL,'2010-11-30 22:48:03','2010-11-30 22:48:03'),(377,36,125,2,'Western blot',9606,0,'Histone + other bands','1:2000 ON at 4C',NULL,NULL,NULL,NULL,'2010-11-30 22:48:03','2010-11-30 22:48:03'),(378,36,125,2,'ChIP-chip/seq',9606,0,'','',NULL,NULL,NULL,NULL,'2010-11-30 22:48:03','2010-11-30 22:48:03'),(379,37,128,6,'Western blot',7227,1,'Single histone band','1:10000 O/N at RT',NULL,NULL,NULL,NULL,'2010-11-30 22:48:03','2010-11-30 22:48:03'),(380,37,128,6,'ChIP-chip/seq',7227,1,'Marketed as ChIP grade','',NULL,NULL,NULL,NULL,'2010-11-30 22:48:03','2010-11-30 22:48:03'),(381,37,239,8,'Dot blot',NULL,0,'Specific (80%); Cross-reacting peptides: H3K9me2 (<10%), H3K9me3S10ph (<10%)','1:3000 ON at 4C',NULL,NULL,NULL,NULL,'2010-11-30 22:48:03','2010-11-30 22:48:03'),(382,37,239,8,'Western blot',6329,1,'Single histone band','1:200 ON at 4C of 0.5 mg/ml stock',NULL,NULL,NULL,NULL,'2010-11-30 22:48:03','2010-11-30 22:48:03'),(383,37,239,8,'ChIP-chip/seq',6329,1,'Marketed as ChIP grade','',NULL,NULL,NULL,NULL,'2010-11-30 22:48:03','2010-11-30 22:48:03'),(384,37,136,6,'Western blot',7227,0,'Binds recombinant histone','1 ug/ml O/N at 4C',NULL,NULL,NULL,NULL,'2010-11-30 22:48:03','2010-11-30 22:48:03'),(385,37,129,2,'Dot blot',NULL,1,'Specific (89.3%); Cross-reacting peptides: H3K9me2 (10.7%)','0.5 ug/ml ON at 4C',NULL,NULL,NULL,NULL,'2010-11-30 22:48:03','2010-11-30 22:48:03'),(386,37,129,2,'Western blot',9606,0,'Histone + other bands','0.5 ug/ml ON at 4C',NULL,NULL,NULL,NULL,'2010-11-30 22:48:03','2010-11-30 22:48:03'),(387,37,129,2,'ChIP-chip/seq',9606,1,'Marketed as ChIP grade','',NULL,NULL,NULL,NULL,'2010-11-30 22:48:03','2010-11-30 22:48:03'),(388,37,131,6,'Dot blot',NULL,1,'Specific (85%); Cross-reacting peptides: H3K27me3 (15%)','1:5000 1hr at RT',NULL,NULL,NULL,NULL,'2010-11-30 22:48:03','2010-11-30 22:48:03'),(389,37,131,6,'Western blot',7227,1,'Single histone band','1:1000 O/N at 4C',NULL,NULL,NULL,NULL,'2010-11-30 22:48:03','2010-11-30 22:48:03'),(390,37,131,6,'ChIP-chip/seq',7227,1,'Marketed as ChIP grade','',NULL,NULL,NULL,NULL,'2010-11-30 22:48:03','2010-11-30 22:48:03'),(391,37,240,7,'Western blot',6329,0,'Histone + other bands','1 ug/ml ON at 4C',NULL,NULL,NULL,NULL,'2010-11-30 22:48:03','2010-11-30 22:48:03'),(392,37,130,2,'Dot blot',NULL,1,'Specific (100%)','0.5 ug/ml ON at 4C',NULL,NULL,NULL,NULL,'2010-11-30 22:48:03','2010-11-30 22:48:03'),(393,37,130,2,'Western blot',9606,0,'Histone + other bands','0.5 ug/ml ON at 4C',NULL,NULL,NULL,NULL,'2010-11-30 22:48:03','2010-11-30 22:48:03'),(394,37,130,2,'ChIP-chip/seq',9606,1,'Marketed as ChIP grade','',NULL,NULL,NULL,NULL,'2010-11-30 22:48:03','2010-11-30 22:48:03'),(395,37,134,6,'Dot blot',NULL,1,'Specific (100%)','1:1000 1hr at RT',NULL,NULL,NULL,NULL,'2010-11-30 22:48:03','2010-11-30 22:48:03'),(396,37,134,6,'Western blot',7227,1,'Single histone band','1:1000 O/N at 4C',NULL,NULL,NULL,NULL,'2010-11-30 22:48:03','2010-11-30 22:48:03'),(397,37,134,6,'ChIP-chip/seq',7227,1,'Marketed as ChIP grade','',NULL,NULL,NULL,NULL,'2010-11-30 22:48:03','2010-11-30 22:48:03'),(398,37,132,6,'Dot blot',NULL,0,'Not Specific (51%); Cross-reacting peptides: H3K27me3 (33%), H3K9me2 (16%)','1:5000 1hr at RT',NULL,NULL,NULL,NULL,'2010-11-30 22:48:03','2010-11-30 22:48:03'),(399,37,132,6,'Western blot',7227,0,'Histone + other bands','1:5000 O/N at 4C',NULL,NULL,NULL,NULL,'2010-11-30 22:48:03','2010-11-30 22:48:03'),(400,37,133,6,'Dot blot',NULL,0,'No signal','1:500 1hr at RT',NULL,NULL,NULL,NULL,'2010-11-30 22:48:03','2010-11-30 22:48:03'),(401,37,133,6,'Western blot',7227,1,'Single histone band','1:5000 O/N at 4C',NULL,NULL,NULL,NULL,'2010-11-30 22:48:03','2010-11-30 22:48:03'),(402,37,198,8,'Dot blot',NULL,0,'No signal','1:5000 1 hr at 37C',NULL,NULL,NULL,NULL,'2010-11-30 22:48:03','2010-11-30 22:48:03'),(403,37,198,8,'Western blot',6329,1,'Single histone band','3 ug/ml ON at 4C',NULL,NULL,NULL,NULL,'2010-11-30 22:48:03','2010-11-30 22:48:03'),(404,37,198,8,'ChIP-chip/seq',6329,1,'','',NULL,NULL,NULL,NULL,'2010-11-30 22:48:03','2010-11-30 22:48:03'),(405,37,135,6,'Dot blot',NULL,1,'Specific (100%)','1:5000 1hr at RT',NULL,NULL,NULL,NULL,'2010-11-30 22:48:03','2010-11-30 22:48:03'),(406,37,135,6,'Western blot',7227,1,'Single histone band','1:5000 O/N at 4C',NULL,NULL,NULL,NULL,'2010-11-30 22:48:03','2010-11-30 22:48:03'),(407,37,211,1,'ChIP-chip/seq',6329,1,'','',NULL,NULL,NULL,NULL,'2010-11-30 22:48:03','2010-11-30 22:48:03'),(408,37,212,8,'Dot blot',NULL,0,'Specific (75%); Cross-reacting peptides: H3K27me3 (10-25%), H4K20me1 (10-25%), H3K36me3 (<10%), H3K79me3 (<10%), H3K79me2 (<10%)','1:5000 1 hr at 37C',NULL,NULL,NULL,NULL,'2010-11-30 22:48:03','2010-11-30 22:48:03'),(409,37,212,8,'Western blot',6329,1,'Single histone band','3 ug/ml ON at 4C',NULL,NULL,NULL,NULL,'2010-11-30 22:48:03','2010-11-30 22:48:03'),(410,37,212,8,'ChIP-chip/seq',6329,1,'','',NULL,NULL,NULL,NULL,'2010-11-30 22:48:03','2010-11-30 22:48:03'),(411,37,223,7,'Western blot',6329,1,'Single histone band','1 ug/ml ON at 4C',NULL,NULL,NULL,NULL,'2010-11-30 22:48:03','2010-11-30 22:48:03'),(412,38,137,3,'Western blot',7227,0,'No signal','1:1000 ON at 4C',NULL,NULL,NULL,NULL,'2010-11-30 22:48:03','2010-11-30 22:48:03'),(413,38,140,2,'Dot blot',NULL,1,'Specific (93.6%); Cross-reacting peptides: H3R17me2s (6.4%)','0.5 ug/ml ON at 4C',NULL,NULL,NULL,NULL,'2010-11-30 22:48:03','2010-11-30 22:48:03'),(414,38,140,2,'Western blot',9606,0,'Histone + other bands','0.5 ug/ml ON at 4C',NULL,NULL,NULL,NULL,'2010-11-30 22:48:03','2010-11-30 22:48:03'),(415,38,140,2,'ChIP-chip/seq',9606,0,'Marketed as ChIP grade','',NULL,NULL,NULL,NULL,'2010-11-30 22:48:03','2010-11-30 22:48:03'),(416,38,139,3,'Western blot',7227,0,'Binds recombinant histone','1:125 SNAP-id',NULL,NULL,NULL,NULL,'2010-11-30 22:48:03','2010-11-30 22:48:03'),(417,38,139,2,'Dot blot',NULL,0,'Not Specific (60.2%); Cross-reacting peptides: H3K18ac (35%), H3R17me2s (4.8%)','1:2000 ON at 4C',NULL,NULL,NULL,NULL,'2010-11-30 22:48:03','2010-11-30 22:48:03'),(418,38,139,2,'Western blot',9606,0,'Histone + other bands','1:2000 ON at 4C',NULL,NULL,NULL,NULL,'2010-11-30 22:48:03','2010-11-30 22:48:03'),(419,38,141,2,'Dot blot',NULL,0,'No signal','1:100 ON at 4C',NULL,NULL,NULL,NULL,'2010-11-30 22:48:03','2010-11-30 22:48:03'),(420,38,141,2,'Western blot',9606,0,'Histone + other bands','1:100 ON at 4C',NULL,NULL,NULL,NULL,'2010-11-30 22:48:03','2010-11-30 22:48:03'),(421,38,138,3,'Western blot',7227,0,'Binds recombinant histone','1:1000 O/N at 4C',NULL,NULL,NULL,NULL,'2010-11-30 22:48:03','2010-11-30 22:48:03'),(422,39,142,2,'Dot blot',NULL,0,'Not Specific (0%); Cross-reacting peptides: H3R8me2a (100%)','1:2000 ON at 4C',NULL,NULL,NULL,NULL,'2010-11-30 22:48:03','2010-11-30 22:48:03'),(423,39,142,2,'Western blot',9606,0,'Histone + other bands','1:2000 ON at 4C',NULL,NULL,NULL,NULL,'2010-11-30 22:48:03','2010-11-30 22:48:03'),(424,40,143,2,'Dot blot',NULL,0,'Not Specific (5.1%); Cross-reacting peptides: H3R2me2a (94.9%)','0.5 ug/ml ON at 4C',NULL,NULL,NULL,NULL,'2010-11-30 22:48:03','2010-11-30 22:48:03'),(425,40,143,2,'Western blot',9606,0,'Histone + other bands','1: 0.5 ug/ml ON at 4C',NULL,NULL,NULL,NULL,'2010-11-30 22:48:03','2010-11-30 22:48:03'),(426,40,143,3,'Western blot',7227,0,'Binds recombinant histone','1:1000 ON at 4C',NULL,NULL,NULL,NULL,'2010-11-30 22:48:03','2010-11-30 22:48:03'),(427,41,144,2,'Dot blot',NULL,1,'Specific (100%)','1:2000 ON at 4C',NULL,NULL,NULL,NULL,'2010-11-30 22:48:03','2010-11-30 22:48:03'),(428,41,144,2,'Western blot',9606,0,'Histone + other bands','1:2000 ON at 4C',NULL,NULL,NULL,NULL,'2010-11-30 22:48:03','2010-11-30 22:48:03'),(429,41,145,2,'Dot blot',NULL,1,'Specific (100%)','1:2000 ON at 4C',NULL,NULL,NULL,NULL,'2010-11-30 22:48:03','2010-11-30 22:48:03'),(430,41,145,2,'Western blot',9606,0,'Histone + other bands','1:2000 ON at 4C',NULL,NULL,NULL,NULL,'2010-11-30 22:48:03','2010-11-30 22:48:03'),(431,41,146,2,'Dot blot',NULL,1,'Specific (100%)','1:2000 ON at 4C',NULL,NULL,NULL,NULL,'2010-11-30 22:48:03','2010-11-30 22:48:03'),(432,41,146,2,'Western blot',9606,0,'Histone + other bands','1:2000 ON at 4C',NULL,NULL,NULL,NULL,'2010-11-30 22:48:03','2010-11-30 22:48:03'),(433,42,147,2,'Dot blot',NULL,1,'Specific (91.6%); Cross-reacting peptides: H3R17me2s (8.4%)','1:2000 ON at 4C',NULL,NULL,NULL,NULL,'2010-11-30 22:48:03','2010-11-30 22:48:03'),(434,42,147,2,'Western blot',9606,0,'Histone + other bands','1:2000 ON at 4C',NULL,NULL,NULL,NULL,'2010-11-30 22:48:03','2010-11-30 22:48:03'),(435,43,148,2,'Dot blot',NULL,1,'Specific (100%)','1:2000 ON at 4C',NULL,NULL,NULL,NULL,'2010-11-30 22:48:03','2010-11-30 22:48:03'),(436,43,148,2,'Western blot',9606,0,'Histone + other bands','1:2000 ON at 4C',NULL,NULL,NULL,NULL,'2010-11-30 22:48:03','2010-11-30 22:48:03'),(437,43,148,2,'ChIP-chip/seq',9606,0,'','',NULL,NULL,NULL,NULL,'2010-11-30 22:48:03','2010-11-30 22:48:03'),(438,44,149,2,'Dot blot',NULL,0,'Not Specific (0%); Cross-reacting peptides: H3R17me2a (100%)','1:2000 ON at 4C',NULL,NULL,NULL,NULL,'2010-11-30 22:48:03','2010-11-30 22:48:03'),(439,45,150,10,'Dot blot',NULL,1,'Specific (90%); Cross-reacting peptides: H3K27me3S28ph (<10%)','1:3000 ON at 4C',NULL,NULL,NULL,NULL,'2010-11-30 22:48:03','2010-11-30 22:48:03'),(440,45,150,10,'Western blot',7227,0,'Binds recombinant histone ','1:40000, ON, 4C',NULL,NULL,NULL,NULL,'2010-11-30 22:48:03','2010-11-30 22:48:03'),(441,45,151,2,'Dot blot',NULL,1,'Specific (98%); Cross-reacting peptides: H3R17me2a (2%)','1:2000 ON at 4C',NULL,NULL,NULL,NULL,'2010-11-30 22:48:03','2010-11-30 22:48:03'),(442,45,151,2,'Western blot',9606,0,'Histone + other bands','1:2000 ON at 4C',NULL,NULL,NULL,NULL,'2010-11-30 22:48:03','2010-11-30 22:48:03'),(443,45,151,2,'ChIP-chip/seq',9606,1,'Marketed as ChIP grade','',NULL,NULL,NULL,NULL,'2010-11-30 22:48:03','2010-11-30 22:48:03'),(444,45,193,7,'Western blot',6329,1,'Single histone band','1 ug/ml ON at 4C',NULL,NULL,NULL,NULL,'2010-11-30 22:48:03','2010-11-30 22:48:03'),(445,45,192,7,'Western blot',6329,1,'Single histone band','0.5 ug/ml ON at 4C',NULL,NULL,NULL,NULL,'2010-11-30 22:48:03','2010-11-30 22:48:03'),(446,45,194,7,'Western blot',6329,0,'Binds recombinant histone','1 ug/ml ON at 4C',NULL,NULL,NULL,NULL,'2010-11-30 22:48:03','2010-11-30 22:48:03'),(447,45,152,2,'Dot blot',NULL,1,'Specific (100%)','1:2000 ON at 4C',NULL,NULL,NULL,NULL,'2010-11-30 22:48:03','2010-11-30 22:48:03'),(448,45,152,2,'Western blot',9606,0,'Histone + other bands','1:2000 ON at 4C',NULL,NULL,NULL,NULL,'2010-11-30 22:48:03','2010-11-30 22:48:03'),(449,45,152,2,'ChIP-chip/seq',9606,1,'Marketed as ChIP grade','',NULL,NULL,NULL,NULL,'2010-11-30 22:48:03','2010-11-30 22:48:03'),(450,45,153,2,'Dot blot',NULL,0,'No signal','0.5 ug/ml ON at 4C',NULL,NULL,NULL,NULL,'2010-11-30 22:48:03','2010-11-30 22:48:03'),(451,45,153,2,'Western blot',9606,0,'Histone + other bands','0.5 ug/ml ON at 4C',NULL,NULL,NULL,NULL,'2010-11-30 22:48:03','2010-11-30 22:48:03'),(452,45,217,7,'Western blot',6329,0,'Binds recombinant histone','1 ug/ml ON at 4C',NULL,NULL,NULL,NULL,'2010-11-30 22:48:03','2010-11-30 22:48:03'),(453,46,154,10,'Western blot',7227,0,'Binds recombinant histone ','1:40000, ON, 4C',NULL,NULL,NULL,NULL,'2010-11-30 22:48:03','2010-11-30 22:48:03'),(454,46,233,7,'Western blot',6329,0,'No signal','1:500 ON at 4C of 0.1 mg/ml stock',NULL,NULL,NULL,NULL,'2010-11-30 22:48:03','2010-11-30 22:48:03'),(455,46,233,7,'ChIP-chip/seq',6329,1,'','',NULL,NULL,NULL,NULL,'2010-11-30 22:48:03','2010-11-30 22:48:03'),(456,46,195,8,'Western blot',6329,0,'No signal','1 ug/ml ON at 4C',NULL,NULL,NULL,NULL,'2010-11-30 22:48:03','2010-11-30 22:48:03'),(457,46,195,8,'ChIP-chip/seq',6329,0,'','',NULL,NULL,NULL,NULL,'2010-11-30 22:48:03','2010-11-30 22:48:03'),(458,46,205,7,'Western blot',6329,1,'Single histone band','1:500 ON at 4C of 1 mg/ml stock',NULL,NULL,NULL,NULL,'2010-11-30 22:48:03','2010-11-30 22:48:03'),(459,46,210,7,'Western blot',6329,1,'Single histone band','1:500 ON at 4C',NULL,NULL,NULL,NULL,'2010-11-30 22:48:03','2010-11-30 22:48:03'),(460,47,155,2,'Dot blot',NULL,1,'Specific (100%)','0.5 ug/ml ON at 4C',NULL,NULL,NULL,NULL,'2010-11-30 22:48:03','2010-11-30 22:48:03'),(461,47,155,2,'Western blot',9606,0,'Histone + other bands','0.5 ug/ml ON at 4C',NULL,NULL,NULL,NULL,'2010-11-30 22:48:03','2010-11-30 22:48:03'),(462,47,155,2,'ChIP-chip/seq',9606,1,'Marketed as ChIP grade','',NULL,NULL,NULL,NULL,'2010-11-30 22:48:03','2010-11-30 22:48:03'),(463,47,156,2,'Dot blot',NULL,1,'Specific (100%)','1:2000 ON at 4C',NULL,NULL,NULL,NULL,'2010-11-30 22:48:03','2010-11-30 22:48:03'),(464,47,156,2,'Western blot',9606,0,'Histone + other bands','1:2000 ON at 4C',NULL,NULL,NULL,NULL,'2010-11-30 22:48:03','2010-11-30 22:48:03'),(465,48,230,7,'Western blot',6329,1,'Single histone band','3 ug/ml ON at 4C',NULL,NULL,NULL,NULL,'2010-11-30 22:48:03','2010-11-30 22:48:03'),(466,48,203,1,'ChIP-chip/seq',6329,1,'Marketed as ChIP grade','',NULL,NULL,NULL,NULL,'2010-11-30 22:48:04','2010-11-30 22:48:04'),(467,48,157,3,'Western blot',7227,1,'Single histone band','1:1000 O/N at 4C',NULL,NULL,NULL,NULL,'2010-11-30 22:48:04','2010-11-30 22:48:04'),(468,49,158,5,'Western blot',7227,0,'No signal','1:200 ON at 4C',NULL,NULL,NULL,NULL,'2010-11-30 22:48:04','2010-11-30 22:48:04'),(469,49,158,5,'ChIP-chip/seq',7227,1,'Marketed as ChIP grade','',NULL,NULL,NULL,NULL,'2010-11-30 22:48:04','2010-11-30 22:48:04'),(470,49,159,2,'Dot blot',NULL,1,'Specific (100%)','1:2000 ON at 4C',NULL,NULL,NULL,NULL,'2010-11-30 22:48:04','2010-11-30 22:48:04'),(471,49,159,2,'Western blot',9606,0,'Histone + other bands','1:2000 ON at 4C',NULL,NULL,NULL,NULL,'2010-11-30 22:48:04','2010-11-30 22:48:04'),(472,49,159,2,'ChIP-chip/seq',9606,1,'Marketed as ChIP grade','',NULL,NULL,NULL,NULL,'2010-11-30 22:48:04','2010-11-30 22:48:04'),(473,49,160,2,'Dot blot',NULL,1,'Specific (100%)','1:2000 ON at 4C',NULL,NULL,NULL,NULL,'2010-11-30 22:48:04','2010-11-30 22:48:04'),(474,49,160,2,'Western blot',9606,0,'Histone + other bands','1:2000 ON at 4C',NULL,NULL,NULL,NULL,'2010-11-30 22:48:04','2010-11-30 22:48:04'),(475,49,160,2,'ChIP-chip/seq',9606,1,'Marketed as ChIP grade','',NULL,NULL,NULL,NULL,'2010-11-30 22:48:04','2010-11-30 22:48:04'),(476,50,227,7,'Western blot',6329,0,'No signal','7 ug/ml ON at 4C',NULL,NULL,NULL,NULL,'2010-11-30 22:48:04','2010-11-30 22:48:04'),(477,50,161,5,'Western blot',7227,0,'No signal','',NULL,NULL,NULL,NULL,'2010-11-30 22:48:04','2010-11-30 22:48:04'),(478,50,161,5,'ChIP-chip/seq',7227,1,'Marketed as ChIP grade','',NULL,NULL,NULL,NULL,'2010-11-30 22:48:04','2010-11-30 22:48:04'),(479,50,162,7,'Western blot',6329,0,'No histone signal but other bands present','1:1000 ON at 4C',NULL,NULL,NULL,NULL,'2010-11-30 22:48:04','2010-11-30 22:48:04'),(480,50,206,8,'Western blot',6329,1,'Single histone band','1:1000 ON at 4C',NULL,NULL,NULL,NULL,'2010-11-30 22:48:04','2010-11-30 22:48:04'),(481,50,206,8,'ChIP-chip/seq',6329,1,'Marketed as ChIP grade','',NULL,NULL,NULL,NULL,'2010-11-30 22:48:04','2010-11-30 22:48:04'),(482,50,164,5,'Dot blot',NULL,1,'Specific (100%)','1:1000 1hr at RT',NULL,NULL,NULL,NULL,'2010-11-30 22:48:04','2010-11-30 22:48:04'),(483,50,164,5,'Western blot',7227,0,'No signal','0.1 ug/mL ON at 4C',NULL,NULL,NULL,NULL,'2010-11-30 22:48:04','2010-11-30 22:48:04'),(484,50,164,5,'ChIP-chip/seq',7227,1,'Marketed as ChIP grade','',NULL,NULL,NULL,NULL,'2010-11-30 22:48:04','2010-11-30 22:48:04'),(485,50,163,2,'Dot blot',NULL,0,'No signal','0.5 ug/ml ON at 4C',NULL,NULL,NULL,NULL,'2010-11-30 22:48:04','2010-11-30 22:48:04'),(486,51,167,3,'Western blot',7227,1,'Single histone band','1:1000 ON at 4C of 0.5 mg/ml',NULL,NULL,NULL,NULL,'2010-11-30 22:48:04','2010-11-30 22:48:04'),(487,51,167,3,'ChIP-chip/seq',7227,1,'Marketed as ChIP grade','',NULL,NULL,NULL,NULL,'2010-11-30 22:48:04','2010-11-30 22:48:04'),(488,51,167,8,'Western blot',6329,1,'Single histone band','1:1000 ON at 4C of 0.5 mg/ml',NULL,NULL,NULL,NULL,'2010-11-30 22:48:04','2010-11-30 22:48:04'),(489,51,167,8,'ChIP-chip/seq',6329,1,'Marketed as ChIP grade','',NULL,NULL,NULL,NULL,'2010-11-30 22:48:04','2010-11-30 22:48:04'),(490,51,166,3,'Western blot',7227,1,'Single histone band','',NULL,NULL,NULL,NULL,'2010-11-30 22:48:04','2010-11-30 22:48:04'),(491,51,165,2,'Dot blot',NULL,1,'Specific (100%)','0.5 ug/ml ON at 4C',NULL,NULL,NULL,NULL,'2010-11-30 22:48:04','2010-11-30 22:48:04'),(492,51,165,2,'Western blot',9606,0,'Histone + other bands','0.5 ug/ml ON at 4C',NULL,NULL,NULL,NULL,'2010-11-30 22:48:04','2010-11-30 22:48:04'),(493,51,165,2,'ChIP-chip/seq',9606,1,'Marketed as ChIP grade','',NULL,NULL,NULL,NULL,'2010-11-30 22:48:04','2010-11-30 22:48:04'),(494,51,165,3,'Western blot',7227,1,'Single histone band','',NULL,NULL,NULL,NULL,'2010-11-30 22:48:04','2010-11-30 22:48:04'),(495,51,3,7,'Western blot',6329,0,'Binds recombinant histone','1:5000 ON at 4C',NULL,NULL,NULL,NULL,'2010-11-30 22:48:04','2010-11-30 22:48:04'),(496,51,8,8,'Dot blot',NULL,1,'Specific (99%); Cross-reacting peptides: <1% cross-reactivity','1:3000 ON at 4C',NULL,NULL,NULL,NULL,'2010-11-30 22:48:04','2010-11-30 22:48:04'),(497,51,8,8,'Western blot',6329,1,'Single histone band','1:500 ON at 4C',NULL,NULL,NULL,NULL,'2010-11-30 22:48:04','2010-11-30 22:48:04'),(498,51,8,8,'ChIP-chip/seq',6329,1,'Marketed as ChIP grade','',NULL,NULL,NULL,NULL,'2010-11-30 22:48:04','2010-11-30 22:48:04'),(499,52,207,7,'Western blot',6329,0,'Binds recombinant histone','1:500 ON at 4C',NULL,NULL,NULL,NULL,'2010-11-30 22:48:04','2010-11-30 22:48:04'),(500,52,168,3,'Western blot',7227,1,'Single histone band','1:1000 ON at 4C',NULL,NULL,NULL,NULL,'2010-11-30 22:48:04','2010-11-30 22:48:04'),(501,53,236,7,'Western blot',6329,1,'Single histone band','1:500 ON at 4C of 0.5 mg/ml stock',NULL,NULL,NULL,NULL,'2010-11-30 22:48:04','2010-11-30 22:48:04'),(502,53,236,7,'ChIP-chip/seq',6329,0,'Marketed as ChIP grade','',NULL,NULL,NULL,NULL,'2010-11-30 22:48:04','2010-11-30 22:48:04'),(503,53,247,8,'Western blot',6329,0,'Histone + other bands','1:1000 ON at 4Cof 0.5 mg/ml stock',NULL,NULL,NULL,NULL,'2010-11-30 22:48:04','2010-11-30 22:48:04'),(504,53,247,8,'ChIP-chip/seq',6329,0,'Marketed as ChIP grade','',NULL,NULL,NULL,NULL,'2010-11-30 22:48:04','2010-11-30 22:48:04'),(505,53,169,2,'Dot blot',NULL,0,'No signal','0.5 ug/ml ON at 4C',NULL,NULL,NULL,NULL,'2010-11-30 22:48:04','2010-11-30 22:48:04'),(506,53,169,2,'Western blot',9606,0,'Histone + other bands','0.5 ug/ml ON at 4C',NULL,NULL,NULL,NULL,'2010-11-30 22:48:04','2010-11-30 22:48:04'),(507,53,170,2,'Dot blot',NULL,1,'Specific (100%)','0.5 ug/ml ON at 4C',NULL,NULL,NULL,NULL,'2010-11-30 22:48:04','2010-11-30 22:48:04'),(508,53,170,2,'Western blot',9606,0,'Histone + other bands','0.5 ug/ml ON at 4C',NULL,NULL,NULL,NULL,'2010-11-30 22:48:04','2010-11-30 22:48:04'),(509,53,170,2,'ChIP-chip/seq',9606,0,'Marketed as ChIP grade','',NULL,NULL,NULL,NULL,'2010-11-30 22:48:04','2010-11-30 22:48:04'),(510,53,177,3,'Western blot',7227,0,'Histone + other bands','1:1000 ON at 4C',NULL,NULL,NULL,NULL,'2010-11-30 22:48:04','2010-11-30 22:48:04'),(511,53,173,2,'Dot blot',NULL,0,'Not Specific (0%); Cross-reacting peptides: H4K20me1 (100%)','1:2000 ON at 4C',NULL,NULL,NULL,NULL,'2010-11-30 22:48:04','2010-11-30 22:48:04'),(512,53,171,3,'Western blot',7227,0,'Histone + other bands','1:375 SNAP-id',NULL,NULL,NULL,NULL,'2010-11-30 22:48:04','2010-11-30 22:48:04'),(513,53,171,3,'ChIP-chip/seq',7227,0,'Marketed as ChIP grade','',NULL,NULL,NULL,NULL,'2010-11-30 22:48:04','2010-11-30 22:48:04'),(514,53,171,7,'Western blot',6329,0,'Histone + other bands','1:375 ON at 4C',NULL,NULL,NULL,NULL,'2010-11-30 22:48:04','2010-11-30 22:48:04'),(515,53,172,2,'Dot blot',NULL,0,'No signal','1:2000 ON at 4C',NULL,NULL,NULL,NULL,'2010-11-30 22:48:04','2010-11-30 22:48:04'),(516,53,172,2,'Western blot',9606,0,'Histone + other bands','1:2000 ON at 4C',NULL,NULL,NULL,NULL,'2010-11-30 22:48:04','2010-11-30 22:48:04'),(517,53,174,3,'Western blot',7227,0,'Binds recombinant histone','1:1000 ON at 4C',NULL,NULL,NULL,NULL,'2010-11-30 22:48:04','2010-11-30 22:48:04'),(518,53,175,2,'Dot blot',NULL,0,'No signal','1:2000 ON at 4C',NULL,NULL,NULL,NULL,'2010-11-30 22:48:04','2010-11-30 22:48:04'),(519,53,175,2,'Western blot',9606,0,'Histone + other bands','1:2000 ON at 4C',NULL,NULL,NULL,NULL,'2010-11-30 22:48:04','2010-11-30 22:48:04'),(520,53,176,2,'Dot blot',NULL,0,'No signal','1:100 ON at 4C',NULL,NULL,NULL,NULL,'2010-11-30 22:48:04','2010-11-30 22:48:04'),(521,53,176,2,'Western blot',9606,0,'Histone + other bands','1:100 ON at 4C',NULL,NULL,NULL,NULL,'2010-11-30 22:48:04','2010-11-30 22:48:04'),(522,54,178,2,'Dot blot',NULL,1,'Specific (98.4%); Cross-reacting peptides: H4K18ac (0.9%), H4K12ac (0.7%)','1:2000 ON at 4C',NULL,NULL,NULL,NULL,'2010-11-30 22:48:04','2010-11-30 22:48:04'),(523,54,178,2,'Western blot',9606,1,'Single histone band','1:2000 ON at 4C',NULL,NULL,NULL,NULL,'2010-11-30 22:48:04','2010-11-30 22:48:04'),(524,54,178,2,'ChIP-chip/seq',9606,1,'Marketed as ChIP grade','',NULL,NULL,NULL,NULL,'2010-11-30 22:48:04','2010-11-30 22:48:04'),(525,54,178,5,'Western blot',7227,1,'Histone + other bands','1:2000 ON at 4C',NULL,NULL,NULL,NULL,'2010-11-30 22:48:04','2010-11-30 22:48:04'),(526,54,178,5,'ChIP-chip/seq',7227,1,'Marketed as ChIP grade','',NULL,NULL,NULL,NULL,'2010-11-30 22:48:04','2010-11-30 22:48:04'),(527,54,179,2,'Dot blot',NULL,1,'Specific (98%); Cross-reacting peptides: H4K12ac (1.3%), H4K8ac (0.4%), H2AK5ac (0.3%)','1:2000 ON at 4C',NULL,NULL,NULL,NULL,'2010-11-30 22:48:04','2010-11-30 22:48:04'),(528,54,179,2,'Western blot',9606,0,'Histone + other bands','1:2000 ON at 4C',NULL,NULL,NULL,NULL,'2010-11-30 22:48:04','2010-11-30 22:48:04'),(529,54,179,2,'ChIP-chip/seq',9606,1,'Marketed as ChIP grade','',NULL,NULL,NULL,NULL,'2010-11-30 22:48:04','2010-11-30 22:48:04'),(530,55,180,5,'Dot blot',NULL,1,'Specific (100%)','1:1000 1hr at RT',NULL,NULL,NULL,NULL,'2010-11-30 22:48:04','2010-11-30 22:48:04'),(531,55,180,5,'Western blot',7227,1,'Single histone band','1 ug/ml ON at 4C',NULL,NULL,NULL,NULL,'2010-11-30 22:48:04','2010-11-30 22:48:04'),(532,55,180,5,'ChIP-chip/seq',7227,1,'Marketed as ChIP grade','',NULL,NULL,NULL,NULL,'2010-11-30 22:48:04','2010-11-30 22:48:04'),(533,55,225,8,'ChIP-chip/seq',6329,1,'Marketed as ChIP grade','',NULL,NULL,NULL,NULL,'2010-11-30 22:48:04','2010-11-30 22:48:04'),(534,55,182,2,'Dot blot',NULL,1,'Specific (100%)','1:2000 ON at 4C',NULL,NULL,NULL,NULL,'2010-11-30 22:48:04','2010-11-30 22:48:04'),(535,55,181,2,'Dot blot',NULL,1,'Specific (97.9%); Cross-reacting peptides: H4K5ac (1.1%), H4K12ac (1%)','1:2000 ON at 4C',NULL,NULL,NULL,NULL,'2010-11-30 22:48:04','2010-11-30 22:48:04'),(536,55,181,2,'Western blot',9606,0,'Single histone band','1:2000 ON at 4C',NULL,NULL,NULL,NULL,'2010-11-30 22:48:04','2010-11-30 22:48:04'),(537,55,181,2,'ChIP-chip/seq',9606,1,'Marketed as ChIP grade','',NULL,NULL,NULL,NULL,'2010-11-30 22:48:04','2010-11-30 22:48:04'),(538,56,183,2,'Dot blot',NULL,1,'Specific (100%)','1:2000 ON at 4C',NULL,NULL,NULL,NULL,'2010-11-30 22:48:04','2010-11-30 22:48:04'),(539,56,183,2,'Western blot',9606,0,'No histone signal but other bands present','1:2000 ON at 4C',NULL,NULL,NULL,NULL,'2010-11-30 22:48:04','2010-11-30 22:48:04'),(540,56,183,2,'ChIP-chip/seq',9606,1,'Marketed as ChIP grade','',NULL,NULL,NULL,NULL,'2010-11-30 22:48:04','2010-11-30 22:48:04'),(541,56,184,5,'Western blot',7227,0,'No signal','1:1000 ON at 4C',NULL,NULL,NULL,NULL,'2010-11-30 22:48:04','2010-11-30 22:48:04'),(542,57,185,2,'Dot blot',NULL,1,'Specific (100%)','0.5 ug/ml ON at 4C',NULL,NULL,NULL,NULL,'2010-11-30 22:48:04','2010-11-30 22:48:04'),(543,57,185,2,'Western blot',9606,0,'Histone + other bands','0.5 ug/ml ON at 4C',NULL,NULL,NULL,NULL,'2010-11-30 22:48:04','2010-11-30 22:48:04'),(544,59,188,2,'Dot blot',NULL,0,'No signal','1:2000 ON at 4C',NULL,NULL,NULL,NULL,'2010-11-30 22:48:04','2010-11-30 22:48:04'),(545,59,188,2,'Western blot',9606,0,'No signal','1:2000 ON at 4C',NULL,NULL,NULL,NULL,'2010-11-30 22:48:04','2010-11-30 22:48:04'),(546,58,186,3,'Western blot',7227,0,'Binds recombinant histone ','1:1000 ON at 4C',NULL,NULL,NULL,NULL,'2010-11-30 22:48:04','2010-11-30 22:48:04'),(547,60,189,2,'Dot blot',NULL,1,'Specific (95.5%); Cross-reacting peptides: H4R3me1 (4.5%)','0.5 ug/ml ON at 4C',NULL,NULL,NULL,NULL,'2010-11-30 22:48:04','2010-11-30 22:48:04'),(548,60,189,2,'Western blot',9606,0,'Histone + other bands','0.5 ug/ml ON at 4C',NULL,NULL,NULL,NULL,'2010-11-30 22:48:04','2010-11-30 22:48:04'),(549,58,187,3,'Western blot',7227,0,'No histone signal, other bands present','1:250 ON at 4C',NULL,NULL,NULL,NULL,'2010-11-30 22:48:04','2010-11-30 22:48:04'),(550,61,190,10,'Western blot',7227,1,'Histone + other bands','1:4000 ON at 4C',NULL,NULL,NULL,NULL,'2010-11-30 22:48:04','2010-11-30 22:48:04'),(551,61,190,10,'ChIP-chip/seq',7227,1,'Marketed as ChIP grade','',NULL,NULL,NULL,NULL,'2010-11-30 22:48:04','2010-11-30 22:48:04'),(552,61,190,8,'ChIP-chip/seq',6329,1,'Marketed as ChIP grade','',NULL,NULL,NULL,NULL,'2010-11-30 22:48:04','2010-11-30 22:48:04');
/*!40000 ALTER TABLE `validations` ENABLE KEYS */;
UNLOCK TABLES;

--
-- Table structure for table `validator_targets`
--

DROP TABLE IF EXISTS `validator_targets`;
CREATE TABLE `validator_targets` (
  `id` int(11) NOT NULL auto_increment,
  `validator_id` int(11) default NULL,
  `target_id` int(11) default NULL,
  PRIMARY KEY  (`id`),
  KEY `index_validator_targets_on_validator_id` (`validator_id`)
) ENGINE=InnoDB DEFAULT CHARSET=utf8 COLLATE=utf8_unicode_ci;

--
-- Dumping data for table `validator_targets`
--

LOCK TABLES `validator_targets` WRITE;
/*!40000 ALTER TABLE `validator_targets` DISABLE KEYS */;
INSERT INTO `validator_targets` VALUES (1,1,13),(2,1,21),(3,1,25),(4,1,29),(5,1,36),(6,1,37),(7,1,48),(8,2,2),(9,2,4),(10,2,6),(11,2,7),(12,2,9),(13,2,10),(14,2,13),(15,2,15),(16,2,16),(17,2,17),(18,2,18),(19,2,19),(20,2,20),(21,2,21),(22,2,23),(23,2,24),(24,2,25),(25,2,26),(26,2,27),(27,2,28),(28,2,29),(29,2,30),(30,2,31),(31,2,32),(32,2,33),(33,2,35),(34,2,36),(35,2,37),(36,2,38),(37,2,39),(38,2,40),(39,2,41),(40,2,42),(41,2,43),(42,2,44),(43,2,45),(44,2,47),(45,2,49),(46,2,50),(47,2,51),(48,2,53),(49,2,54),(50,2,55),(51,2,56),(52,2,57),(53,2,59),(54,2,60),(55,3,0),(56,3,1),(57,3,4),(58,3,30),(59,3,38),(60,3,40),(61,3,48),(62,3,51),(63,3,52),(64,3,53),(65,3,58),(66,3,61),(67,4,0),(68,4,1),(69,4,61),(70,5,0),(71,5,1),(72,5,2),(73,5,5),(74,5,9),(75,5,11),(76,5,12),(77,5,23),(78,5,24),(79,5,45),(80,5,49),(81,5,50),(82,5,54),(83,5,55),(84,5,56),(85,5,61),(86,6,0),(87,6,1),(88,6,3),(89,6,8),(90,6,11),(91,6,12),(92,6,13),(93,6,14),(94,6,15),(95,6,16),(96,6,25),(97,6,28),(98,6,33),(99,6,34),(100,6,35),(101,6,36),(102,6,37),(103,6,61),(104,7,12),(105,7,18),(106,7,20),(107,7,21),(108,7,24),(109,7,29),(110,7,33),(111,7,35),(112,7,36),(113,7,37),(114,7,45),(115,7,46),(116,7,48),(117,7,50),(118,7,51),(119,7,52),(120,7,53),(121,8,12),(122,8,18),(123,8,19),(124,8,20),(125,8,21),(126,8,22),(127,8,23),(128,8,24),(129,8,25),(130,8,27),(131,8,28),(132,8,29),(133,8,33),(134,8,35),(135,8,36),(136,8,37),(137,8,46),(138,8,50),(139,8,51),(140,8,53),(141,8,55),(142,8,61),(143,9,31),(144,9,32),(145,10,0),(146,10,1),(147,10,15),(148,10,18),(149,10,19),(150,10,20),(151,10,21),(152,10,27),(153,10,28),(154,10,29),(155,10,31),(156,10,32),(157,10,36),(158,10,45),(159,10,46),(160,10,49),(161,10,61);
/*!40000 ALTER TABLE `validator_targets` ENABLE KEYS */;
UNLOCK TABLES;

--
-- Table structure for table `validators`
--

DROP TABLE IF EXISTS `validators`;
CREATE TABLE `validators` (
  `id` int(11) NOT NULL auto_increment,
  `name` varchar(255) collate utf8_unicode_ci default NULL,
  `validator_targets_count` int(11) default '0',
  `antibodies_count` int(11) default '0',
  `validations_count` int(11) default '0',
  `created_at` datetime default NULL,
  `updated_at` datetime default NULL,
  PRIMARY KEY  (`id`)
) ENGINE=InnoDB DEFAULT CHARSET=utf8 COLLATE=utf8_unicode_ci;

--
-- Dumping data for table `validators`
--

LOCK TABLES `validators` WRITE;
/*!40000 ALTER TABLE `validators` DISABLE KEYS */;
INSERT INTO `validators` VALUES (1,'Ahringer Lab',7,0,6,'2010-11-30 22:47:44','2010-11-30 22:47:44'),(2,'Bing Ren Lab',47,0,265,'2010-11-30 22:47:44','2010-11-30 22:47:44'),(3,'Gary Karpen Lab',12,0,18,'2010-11-30 22:47:44','2010-11-30 22:47:44'),(4,'Jason Lieb Lab',3,0,0,'2010-11-30 22:47:44','2010-11-30 22:47:44'),(5,'Mitzi Kuroda Lab',16,0,26,'2010-11-30 22:47:44','2010-11-30 22:47:44'),(6,'Sarah Elgin Lab',18,0,62,'2010-11-30 22:47:44','2010-11-30 22:47:44'),(7,'Strome Lab',17,0,34,'2010-11-30 22:47:44','2010-11-30 22:47:44'),(8,'Strome and Ahringer Lab',22,0,93,'2010-11-30 22:47:44','2010-11-30 22:47:44'),(9,'Strome, Ahringer, and Lieb Lab',2,0,7,'2010-11-30 22:47:44','2010-11-30 22:47:44'),(10,'Vincenzo Pirrotta Lab',17,0,41,'2010-11-30 22:47:44','2010-11-30 22:47:44');
/*!40000 ALTER TABLE `validators` ENABLE KEYS */;
UNLOCK TABLES;
/*!40103 SET TIME_ZONE=@OLD_TIME_ZONE */;

/*!40101 SET SQL_MODE=@OLD_SQL_MODE */;
/*!40014 SET FOREIGN_KEY_CHECKS=@OLD_FOREIGN_KEY_CHECKS */;
/*!40014 SET UNIQUE_CHECKS=@OLD_UNIQUE_CHECKS */;
/*!40101 SET CHARACTER_SET_CLIENT=@OLD_CHARACTER_SET_CLIENT */;
/*!40101 SET CHARACTER_SET_RESULTS=@OLD_CHARACTER_SET_RESULTS */;
/*!40101 SET COLLATION_CONNECTION=@OLD_COLLATION_CONNECTION */;
/*!40111 SET SQL_NOTES=@OLD_SQL_NOTES */;

-- Dump completed on 2010-12-01  3:32:00
